epoch,train_loss,mae_sbp,mae_dbp,mean_mae,worst_target_mae,rmse_sbp,rmse_dbp,bias_sbp,bias_dbp,pearson_sbp,pearson_dbp,selection_score,tail_count,tail_mae_sbp,tail_mae_dbp,high_count,high_mae_sbp,high_mae_dbp,low_count,low_mae_sbp,low_mae_dbp,high_bp_sensitivity,high_bp_specificity,sbp_within_5,sbp_within_10,sbp_within_15,dbp_within_5,dbp_within_10,dbp_within_15,clinical_selection_score,run_id,stage,backbone,view,duration_seconds,engineered,head,loss,augmentation,balance,seed,parameters,trainable_parameters,train_samples,eval_samples,runtime_seconds,candidate_id,innovation_label,selection_role,candidate_number,cv_seed,training_seed,fold,status,train_subjects,test_subjects,patient_overlap,checkpoint_saved
5,0.6032185919621852,13.150829315185549,8.166075706481934,10.658452987670898,13.150829315185549,16.62368392944336,10.690081596374512,0.3773591816425323,-0.0877375826239585,0.4167925757251228,0.4774391946015723,0.7026537656784058,4563,14.014081001281738,8.690503120422363,718,27.1184196472168,15.79069709777832,5422,12.15244197845459,7.056922435760498,0.0473537604456824,0.9959571938168846,0.2376205083260298,0.4602322524101665,0.6442813321647678,0.3919807186678352,0.6914986853637161,0.858567046450482,0.7140665650367737,I200C_C1_seed2718_fold1,INNOVATION200_CONFIRM,resnet,multiview,10.0,none,multitask,multitask,jitter_scale,none,2719,1146884,1146884,36561,9128,11.553941011428831,PRIOR_WINNER_FIXED,prior_resnet_multiview10_multitask,fixed_prior_winner,1,2718,2719,1,ok,1219,305,0,True
3,0.6245018540252566,13.248022079467772,8.213597297668457,10.730810165405272,13.248022079467772,16.630882263183594,10.86347484588623,-0.899689257144928,-1.7673089504241943,0.4082057160352316,0.4734969606074112,0.707324743270874,4563,13.998074531555176,7.901992797851562,718,28.80649948120117,17.01222801208496,5422,12.09606647491455,6.328906536102295,0.0,1.0,0.2246932515337423,0.4534399649430324,0.6365030674846626,0.4011831726555653,0.6947852760736196,0.8596625766871165,0.7094360589981079,I200C_C2_seed2718_fold1,INNOVATION200_CONFIRM,adaptive_resnet,multiview_zscore,10.0,none,multitask,multitask,amplitude_warp,none,2719,705721,705721,36561,9128,7.93823766708374,I200_TRAIN_003_7a8882a0ec,adamw_3e4_cos_amplitude_warp,best_normalized_accuracy,2,2718,2719,1,ok,1219,305,0,True
3,0.6346938210632165,13.21115016937256,8.332863807678223,10.77200698852539,13.21115016937256,16.615209579467773,10.941828727722168,-0.8482173085212708,-1.26820170879364,0.4129480119323388,0.4569270429086096,0.7111392021179199,4563,13.870863914489746,8.197229385375977,718,28.052824020385746,16.213361740112305,5422,12.094223022460938,6.691329956054688,0.0041782729805013,1.0,0.2297326906222611,0.4526730937773882,0.6372699386503068,0.3920902716914987,0.6872261174408414,0.849364592462752,0.7144044637680054,I200C_C3_seed2718_fold1,INNOVATION200_CONFIRM,conv_transformer_lite,multiview_zscore,10.0,none,multitask,multitask,jitter_scale,none,2719,148804,148804,36561,9128,5.486363172531128,I200_ARCH_073_f3d457acb9,convtransformer_w64_p15_d1,best_tail_aware_accuracy,3,2718,2719,1,ok,1219,305,0,True
4,0.5604936581943671,13.406085014343262,8.353675842285156,10.879880905151367,13.406085014343262,16.923824310302734,11.10350227355957,-3.923973560333252,-2.7350587844848637,0.4216540302634072,0.463805943255223,0.7174761295318604,4563,13.318358421325684,7.782622337341309,718,32.18351364135742,19.27591323852539,5422,11.463610649108888,5.856245994567871,0.0013927576601671,0.9998810939357908,0.2303900087642419,0.4517966695880806,0.6335451358457493,0.4030455740578439,0.6838299737072743,0.8556091148115688,0.7110494375228882,I200C_C4_seed2718_fold1,INNOVATION200_CONFIRM,adaptive_resnet,multiview_zscore,10.0,none,direct,huber_ccc,jitter_scale,none,2719,926775,926775,36561,9128,10.253772735595703,I200_OBJECTIVE_029_26d6c1ef0d,multiview10_ccc020,best_direct_high_bp_sensitivity_under_accuracy_gate,4,2718,2719,1,ok,1219,305,0,True
3,0.6240967949023422,13.36025619506836,8.3367338180542,10.848495483398438,13.36025619506836,16.795141220092773,11.096628189086914,-2.0115082263946533,-2.2773237228393555,0.3980130298258695,0.4522939615912237,0.7154960632324219,4563,13.82638931274414,7.781958103179932,718,30.35470199584961,18.02190399169922,5422,11.920708656311035,6.146306991577148,0.0,1.0,0.2245836985100788,0.4466476774758983,0.6311349693251533,0.3978965819456617,0.6919368974583698,0.8533085013146363,0.7131347060203552,I200C_C5_seed2718_fold1,INNOVATION200_CONFIRM,morphology_resnet,multiview_zscore,10.0,none,multitask,multitask,jitter_scale,none,2719,334433,334433,36561,9128,7.78199315071106,I200_ARCH_051_79a6655a84,morphology_w64_eca_attention,best_parameter_efficient_under_accuracy_gate,5,2718,2719,1,ok,1219,305,0,True
5,0.5994152838647053,12.781688690185549,8.593517303466797,10.687602996826172,12.781688690185549,16.078771591186523,11.038065910339355,-1.1183264255523682,-0.7474256157875061,0.3919666656668541,0.4352132800526446,0.7056587934494019,4646,12.839001655578612,8.426709175109863,676,28.69465065002441,17.68495750427246,5598,11.165489196777344,6.988580703735352,0.0340236686390532,0.9987019117299976,0.2449180327868852,0.4636065573770492,0.6567213114754098,0.3557377049180328,0.6593442622950819,0.8506010928961749,0.704360842704773,I200C_C1_seed2718_fold2,INNOVATION200_CONFIRM,resnet,multiview,10.0,none,multitask,multitask,jitter_scale,none,2720,1146884,1146884,36539,9150,10.765799522399902,PRIOR_WINNER_FIXED,prior_resnet_multiview10_multitask,fixed_prior_winner,1,2718,2720,2,ok,1219,305,0,True
3,0.6166499213398439,12.943398475646973,8.516314506530762,10.729856491088867,12.943398475646973,16.218425750732422,11.005635261535645,-0.49566850066185,-1.5647448301315308,0.3739358864051189,0.443825137138083,0.7070208191871643,4646,13.132710456848145,8.028070449829102,676,28.09053421020508,18.301868438720703,5598,11.482861518859863,6.484859943389893,0.0,1.0,0.2420765027322404,0.4574863387978142,0.6450273224043716,0.3688524590163934,0.6693989071038251,0.8572677595628415,0.7033719420433044,I200C_C2_seed2718_fold2,INNOVATION200_CONFIRM,adaptive_resnet,multiview_zscore,10.0,none,multitask,multitask,amplitude_warp,none,2720,705721,705721,36539,9150,7.830672025680542,I200_TRAIN_003_7a8882a0ec,adamw_3e4_cos_amplitude_warp,best_normalized_accuracy,2,2718,2720,2,ok,1219,305,0,True
3,0.6322900648204444,12.921096801757812,8.669336318969727,10.79521656036377,12.921096801757812,16.23271369934082,11.409110069274902,-2.030555248260498,-3.2861533164978027,0.3717840777695065,0.4408640755181944,0.712626576423645,4646,12.751136779785156,7.242395401000977,676,31.251415252685547,21.062883377075195,5598,10.943556785583496,5.564438343048096,0.0,1.0,0.2370491803278688,0.4567213114754098,0.6486338797814207,0.3783606557377049,0.6662295081967213,0.8461202185792349,0.6969268321990967,I200C_C3_seed2718_fold2,INNOVATION200_CONFIRM,conv_transformer_lite,multiview_zscore,10.0,none,multitask,multitask,jitter_scale,none,2720,148804,148804,36539,9150,5.516667604446411,I200_ARCH_073_f3d457acb9,convtransformer_w64_p15_d1,best_tail_aware_accuracy,3,2718,2720,2,ok,1219,305,0,True
4,0.5522129164316267,13.396822929382324,8.612504959106445,11.004663467407228,13.396822929382324,16.825292587280273,11.04638385772705,1.0061007738113403,-0.2762913107872009,0.3717756665963533,0.4504045272637728,0.7235628366470337,4646,13.77671718597412,8.590420722961426,676,24.527664184570312,16.106367111206055,5598,12.38117504119873,7.248036384582519,0.1079881656804733,0.9827708284163325,0.2324590163934426,0.4487431693989071,0.6340983606557377,0.3675409836065574,0.6568306010928961,0.8398907103825136,0.725983202457428,I200C_C4_seed2718_fold2,INNOVATION200_CONFIRM,adaptive_resnet,multiview_zscore,10.0,none,direct,huber_ccc,jitter_scale,none,2720,926775,926775,36539,9150,10.266390085220335,I200_OBJECTIVE_029_26d6c1ef0d,multiview10_ccc020,best_direct_high_bp_sensitivity_under_accuracy_gate,4,2718,2720,2,ok,1219,305,0,True
3,0.6228957283871336,12.992857933044434,8.596851348876953,10.794855117797852,12.992857933044434,16.384977340698242,11.214077949523926,-2.0080130100250244,-2.5197014808654785,0.3538531525307018,0.4360379961215861,0.7116755247116089,4646,12.785818099975586,7.595255851745605,676,30.676795959472656,19.71805000305176,5598,11.079976081848145,5.981420040130615,0.014792899408284,0.999645975926363,0.2463387978142076,0.4581420765027322,0.647103825136612,0.3701639344262295,0.6693989071038251,0.8492896174863388,0.7000446319580078,I200C_C5_seed2718_fold2,INNOVATION200_CONFIRM,morphology_resnet,multiview_zscore,10.0,none,multitask,multitask,jitter_scale,none,2720,334433,334433,36539,9150,7.768559455871582,I200_ARCH_051_79a6655a84,morphology_w64_eca_attention,best_parameter_efficient_under_accuracy_gate,5,2718,2720,2,ok,1219,305,0,True
5,0.5965106153363333,13.255730628967283,8.651083946228027,10.953407287597656,13.255730628967283,16.70511245727539,11.404413223266602,-2.7039904594421387,-2.723781108856201,0.4270377439076926,0.4819993424211471,0.729071855545044,4718,13.360421180725098,7.65398645401001,786,30.08525657653809,17.123706817626953,5626,11.479954719543455,6.189459323883057,0.0165394402035623,0.9998804399808704,0.2420765027322404,0.4571584699453552,0.6343169398907104,0.3761748633879781,0.6793442622950819,0.845136612021858,0.7195689678192139,I200C_C1_seed2718_fold3,INNOVATION200_CONFIRM,resnet,multiview,10.0,none,multitask,multitask,jitter_scale,none,2721,1146884,1146884,36539,9150,10.8069589138031,PRIOR_WINNER_FIXED,prior_resnet_multiview10_multitask,fixed_prior_winner,1,2718,2721,3,ok,1219,305,0,True
3,0.6213465919669386,13.19892406463623,8.667579650878906,10.933252334594728,13.19892406463623,16.620712280273438,11.276727676391602,-1.5151485204696655,-1.1505110263824463,0.4223439589280091,0.4586238552340935,0.7281482219696045,4718,13.618175506591797,8.59111499786377,786,29.0417537689209,16.53363037109375,5626,11.76386833190918,6.922488212585449,0.0,1.0,0.2422950819672131,0.4507103825136612,0.6379234972677595,0.3695081967213114,0.6644808743169399,0.8397814207650274,0.7303174734115601,I200C_C2_seed2718_fold3,INNOVATION200_CONFIRM,adaptive_resnet,multiview_zscore,10.0,none,multitask,multitask,amplitude_warp,none,2721,705721,705721,36539,9150,7.821641445159912,I200_TRAIN_003_7a8882a0ec,adamw_3e4_cos_amplitude_warp,best_normalized_accuracy,2,2718,2721,3,ok,1219,305,0,True
3,0.6338309005917054,13.56432056427002,8.857451438903809,11.210886001586914,13.56432056427002,16.863590240478516,11.401573181152344,1.8686968088150024,0.6614710688591003,0.4223292187617053,0.4468596451261938,0.746248722076416,4718,14.584891319274902,9.502161979675291,786,23.956069946289062,14.542024612426758,5626,12.969352722167969,7.995575904846191,0.049618320610687,0.9959349593495936,0.228087431693989,0.4330054644808743,0.6169398907103825,0.3579234972677595,0.6457923497267759,0.8285245901639344,0.7600624561309814,I200C_C3_seed2718_fold3,INNOVATION200_CONFIRM,conv_transformer_lite,multiview_zscore,10.0,none,multitask,multitask,jitter_scale,none,2721,148804,148804,36539,9150,5.526309967041016,I200_ARCH_073_f3d457acb9,convtransformer_w64_p15_d1,best_tail_aware_accuracy,3,2718,2721,3,ok,1219,305,0,True
4,0.5563724740013403,13.367283821105955,9.03227710723877,11.199780464172363,13.367283821105955,16.810136795043945,11.888358116149902,-2.147357225418091,-3.219552993774414,0.4143037226434712,0.437456976779867,0.7478765845298767,4718,13.395610809326172,7.650079250335693,786,28.438920974731445,17.959138870239258,5626,11.85159969329834,6.225298881530762,0.089058524173028,0.9961740793878529,0.2340983606557377,0.4525683060109289,0.6331147540983607,0.3632786885245901,0.6568306010928961,0.8249180327868852,0.7338804006576538,I200C_C4_seed2718_fold3,INNOVATION200_CONFIRM,adaptive_resnet,multiview_zscore,10.0,none,direct,huber_ccc,jitter_scale,none,2721,926775,926775,36539,9150,10.28316855430603,I200_OBJECTIVE_029_26d6c1ef0d,multiview10_ccc020,best_direct_high_bp_sensitivity_under_accuracy_gate,4,2718,2721,3,ok,1219,305,0,True
3,0.6243796083315505,13.36931610107422,8.738293647766113,11.053804397583008,13.36931610107422,16.66637420654297,11.313105583190918,1.241549730300903,-0.7435064315795898,0.4234324433653167,0.4553225586212121,0.7358564734458923,4718,14.473292350769045,8.882882118225098,786,24.99049568176269,15.79077434539795,5626,12.707036972045898,7.241970062255859,0.0330788804071246,0.9995217599234816,0.2318032786885246,0.4415300546448087,0.6269945355191257,0.366775956284153,0.6608743169398907,0.8344262295081967,0.7451214790344238,I200C_C5_seed2718_fold3,INNOVATION200_CONFIRM,morphology_resnet,multiview_zscore,10.0,none,multitask,multitask,jitter_scale,none,2721,334433,334433,36539,9150,7.836942911148071,I200_ARCH_051_79a6655a84,morphology_w64_eca_attention,best_parameter_efficient_under_accuracy_gate,5,2718,2721,3,ok,1219,305,0,True
5,0.6026891295198371,13.335366249084473,7.919304370880127,10.62733554840088,13.335366249084473,16.651348114013672,10.541281700134276,1.3100206851959229,-1.1003592014312744,0.3700243958060994,0.5329761085184066,0.6972804069519043,4557,14.319127082824709,8.18669605255127,757,25.348865509033203,16.451736450195312,5551,12.506251335144045,6.480077266693115,0.0039630118890356,0.9994042654593114,0.2310382513661202,0.4434972677595628,0.6290710382513661,0.4121311475409836,0.707431693989071,0.8805464480874317,0.706900954246521,I200C_C1_seed2718_fold4,INNOVATION200_CONFIRM,resnet,multiview,10.0,none,multitask,multitask,jitter_scale,none,2722,1146884,1146884,36539,9150,11.194013833999634,PRIOR_WINNER_FIXED,prior_resnet_multiview10_multitask,fixed_prior_winner,1,2718,2722,4,ok,1219,305,0,True
3,0.6250773097208033,13.264049530029297,8.066783905029297,10.665416717529297,13.264049530029297,16.49166488647461,10.608741760253906,1.9978997707366943,-0.0218344572931528,0.3946500634380211,0.5171839946051455,0.7013148069381714,4557,14.287339210510254,8.819089889526367,757,24.177473068237305,15.491181373596191,5551,12.480966567993164,7.072539806365967,0.0,1.0,0.2262295081967213,0.4422950819672131,0.632568306010929,0.4018579234972677,0.6977049180327869,0.868087431693989,0.7161698341369629,I200C_C2_seed2718_fold4,INNOVATION200_CONFIRM,adaptive_resnet,multiview_zscore,10.0,none,multitask,multitask,amplitude_warp,none,2722,705721,705721,36539,9150,7.935985565185547,I200_TRAIN_003_7a8882a0ec,adamw_3e4_cos_amplitude_warp,best_normalized_accuracy,2,2718,2722,4,ok,1219,305,0,True
3,0.639756811538916,13.176992416381836,8.156800270080566,10.66689682006836,13.176992416381836,16.513273239135742,10.868537902832031,-1.8735053539276123,-1.929638147354126,0.3881441040829785,0.5066979129299596,0.7025583386421204,4557,13.174433708190918,8.095703125,757,28.41143035888672,18.15755844116211,5551,11.459343910217283,6.112041473388672,0.0,1.0,0.2372677595628415,0.4476502732240437,0.6379234972677595,0.3959562841530055,0.7008743169398907,0.8626229508196721,0.7019158005714417,I200C_C3_seed2718_fold4,INNOVATION200_CONFIRM,conv_transformer_lite,multiview_zscore,10.0,none,multitask,multitask,jitter_scale,none,2722,148804,148804,36539,9150,5.557343482971191,I200_ARCH_073_f3d457acb9,convtransformer_w64_p15_d1,best_tail_aware_accuracy,3,2718,2722,4,ok,1219,305,0,True
4,0.55937662205771,13.735803604125977,8.474102973937988,11.10495376586914,13.735803604125977,17.141380310058594,11.119269371032717,1.2090485095977783,0.3555868566036224,0.3450649836688851,0.4748788058385476,0.7311824560165405,4557,14.374011993408203,9.171703338623049,757,24.356250762939453,15.21056079864502,5551,12.825379371643066,7.596423149108887,0.0515191545574636,0.987012987012987,0.2219672131147541,0.4284153005464481,0.615191256830601,0.3824043715846995,0.6771584699453552,0.8503825136612022,0.7427824139595032,I200C_C4_seed2718_fold4,INNOVATION200_CONFIRM,adaptive_resnet,multiview_zscore,10.0,none,direct,huber_ccc,jitter_scale,none,2722,926775,926775,36539,9150,10.230948448181152,I200_OBJECTIVE_029_26d6c1ef0d,multiview10_ccc020,best_direct_high_bp_sensitivity_under_accuracy_gate,4,2718,2722,4,ok,1219,305,0,True
3,0.6297565352230172,13.261518478393556,8.307416915893555,10.784467697143556,13.261518478393556,16.591615676879883,11.04615592956543,-1.6803189516067505,-1.9383745193481443,0.3783010852173398,0.4791082501363623,0.7110848426818848,4557,13.26585578918457,8.204095840454102,757,28.25635528564453,18.445873260498047,5551,11.576284408569336,6.200208187103272,0.0092470277410832,0.999523412367449,0.2358469945355191,0.4440437158469945,0.6331147540983607,0.3967213114754098,0.6866666666666666,0.8557377049180328,0.7100588083267212,I200C_C5_seed2718_fold4,INNOVATION200_CONFIRM,morphology_resnet,multiview_zscore,10.0,none,multitask,multitask,jitter_scale,none,2722,334433,334433,36539,9150,7.70487117767334,I200_ARCH_051_79a6655a84,morphology_w64_eca_attention,best_parameter_efficient_under_accuracy_gate,5,2718,2722,4,ok,1219,305,0,True
5,0.6113020474998114,12.680219650268556,8.252333641052246,10.466276168823242,12.680219650268556,16.161203384399414,10.501629829406738,1.418597936630249,1.6383469104766846,0.4268119105698612,0.5052910951723142,0.6897400617599487,4534,14.15560245513916,9.988658905029297,689,25.394798278808597,15.607307434082031,5502,12.079757690429688,8.076719284057617,0.058055152394775,0.9992875801472334,0.253539677313138,0.4811765997146306,0.6655690923060037,0.368345955438481,0.6802765887388871,0.8611568433761387,0.7176783680915833,I200C_C1_seed2718_fold5,INNOVATION200_CONFIRM,resnet,multiview,10.0,none,multitask,multitask,jitter_scale,none,2723,1146884,1146884,36578,9111,10.816262245178224,PRIOR_WINNER_FIXED,prior_resnet_multiview10_multitask,fixed_prior_winner,1,2718,2723,5,ok,1220,304,0,True
3,0.627803869584468,12.81997299194336,7.924315452575684,10.37214469909668,12.81997299194336,16.349477767944336,10.426549911499023,1.4876329898834229,-0.5167105197906494,0.407795950606773,0.5011935429020338,0.6803377866744995,4534,14.361988067626951,8.34484577178955,689,26.05112075805664,17.45209503173828,5502,12.21374225616455,6.652166843414307,0.0,1.0,0.2445395675557019,0.483920535616288,0.6632641861486116,0.4016024585665679,0.7095818241685874,0.8721325869827681,0.6953917145729065,I200C_C2_seed2718_fold5,INNOVATION200_CONFIRM,adaptive_resnet,multiview_zscore,10.0,none,multitask,multitask,amplitude_warp,none,2723,705721,705721,36578,9111,7.817267894744873,I200_TRAIN_003_7a8882a0ec,adamw_3e4_cos_amplitude_warp,best_normalized_accuracy,2,2718,2723,5,ok,1220,304,0,True
3,0.6434096478666934,13.497536659240724,8.362430572509766,10.929983139038086,13.497536659240724,17.01907730102539,10.670276641845703,5.069122314453125,1.6294747591018677,0.4097896307624624,0.4813129168451259,0.7170783877372742,4534,15.986478805541992,9.889349937438965,689,23.19419860839844,15.81007957458496,5502,13.710494041442873,8.143548965454102,0.0145137880986937,0.9997625267157444,0.2325760070244759,0.4529689386455932,0.6313247722533202,0.3674678959499506,0.669410602568324,0.8569860608056196,0.7499823570251465,I200C_C3_seed2718_fold5,INNOVATION200_CONFIRM,conv_transformer_lite,multiview_zscore,10.0,none,multitask,multitask,jitter_scale,none,2723,148804,148804,36578,9111,5.511653661727905,I200_ARCH_073_f3d457acb9,convtransformer_w64_p15_d1,best_tail_aware_accuracy,3,2718,2723,5,ok,1220,304,0,True
4,0.5662386598387313,12.654973983764648,7.993143558502197,10.324058532714844,12.654973983764648,16.26449203491211,10.505252838134766,0.1733333468437194,-0.6617640256881714,0.4220506776236357,0.4971974344670895,0.6785142421722412,4534,13.592037200927734,8.26434326171875,689,26.203969955444336,17.023887634277344,5502,11.726078987121582,6.655073642730713,0.0725689404934687,0.9972690572310616,0.2579299747557897,0.4901767094720667,0.664910547689606,0.3997365821534409,0.7049720118538031,0.8702667105696411,0.6878211498260498,I200C_C4_seed2718_fold5,INNOVATION200_CONFIRM,adaptive_resnet,multiview_zscore,10.0,none,direct,huber_ccc,jitter_scale,none,2723,926775,926775,36578,9111,10.18415355682373,I200_OBJECTIVE_029_26d6c1ef0d,multiview10_ccc020,best_direct_high_bp_sensitivity_under_accuracy_gate,4,2718,2723,5,ok,1220,304,0,True
3,0.6298645191791794,13.16735553741455,8.308642387390137,10.737998962402344,13.16735553741455,16.797565460205078,10.62948226928711,3.5836732387542725,1.964416027069092,0.4129559721438391,0.4977120636099088,0.7056562900543213,4534,14.961957931518556,9.941052436828612,689,23.23740005493164,15.105372428894045,5502,12.91449737548828,8.245171546936035,0.09288824383164,0.9939444312514842,0.2451981121720996,0.4707496432883328,0.644715179453408,0.3759192185270552,0.672374053342114,0.8587421797826803,0.7347733974456787,I200C_C5_seed2718_fold5,INNOVATION200_CONFIRM,morphology_resnet,multiview_zscore,10.0,none,multitask,multitask,jitter_scale,none,2723,334433,334433,36578,9111,7.702723979949951,I200_ARCH_051_79a6655a84,morphology_w64_eca_attention,best_parameter_efficient_under_accuracy_gate,5,2718,2723,5,ok,1220,304,0,True
5,0.6001319298569444,13.07301425933838,8.583878517150879,10.828446388244627,13.07301425933838,16.57992935180664,11.297334671020508,-2.280933618545532,-1.5853058099746704,0.4305257032208072,0.4389094643401101,0.7188894748687744,4619,13.429689407348633,8.215795516967773,740,27.98202514648437,19.010622024536133,5496,11.547133445739746,6.484554290771484,0.0783783783783783,0.9955852523565208,0.249424405218726,0.4670540510908891,0.6468588970507619,0.3798925556408288,0.6725139787304024,0.8473851551364981,0.7176370620727539,I200C_C1_seed57721_fold1,INNOVATION200_CONFIRM,resnet,multiview,10.0,none,multitask,multitask,jitter_scale,none,57722,1146884,1146884,36568,9121,10.77919054031372,PRIOR_WINNER_FIXED,prior_resnet_multiview10_multitask,fixed_prior_winner,1,57721,57722,1,ok,1219,305,0,True
3,0.6200065160296975,13.19245719909668,8.66890811920166,10.930683135986328,13.19245719909668,16.672632217407227,11.439532279968262,0.51363605260849,-1.6722924709320068,0.3961605050870928,0.4228931771175555,0.7257276773452759,4619,14.649176597595217,8.340611457824707,740,28.26664924621582,19.568567276000977,5496,12.16326904296875,6.619213104248047,0.0,1.0,0.2340752110514198,0.4555421554654095,0.6441179695208858,0.3824142089683148,0.6630851880276285,0.8411358403683806,0.7326223254203796,I200C_C2_seed57721_fold1,INNOVATION200_CONFIRM,adaptive_resnet,multiview_zscore,10.0,none,multitask,multitask,amplitude_warp,none,57722,705721,705721,36568,9121,7.821809768676758,I200_TRAIN_003_7a8882a0ec,adamw_3e4_cos_amplitude_warp,best_normalized_accuracy,2,57721,57722,1,ok,1219,305,0,True
3,0.6348878834884204,13.240464210510254,8.958000183105469,11.099231719970703,13.240464210510254,16.780344009399414,11.518877983093262,-0.6534633636474609,0.7292587757110596,0.3956156493091488,0.4076708942991394,0.7388979196548462,4619,14.162593841552734,9.62968921661377,740,28.865875244140625,17.279722213745117,5496,11.864934921264648,7.969965934753418,0.0,1.0,0.2376932353908562,0.4597083653108211,0.6438986953184958,0.3545663852647736,0.6397324854730841,0.8301721302488763,0.7522517442703247,I200C_C3_seed57721_fold1,INNOVATION200_CONFIRM,conv_transformer_lite,multiview_zscore,10.0,none,multitask,multitask,jitter_scale,none,57722,148804,148804,36568,9121,5.536536693572998,I200_ARCH_073_f3d457acb9,convtransformer_w64_p15_d1,best_tail_aware_accuracy,3,57721,57722,1,ok,1219,305,0,True
4,0.559602920609619,13.626553535461426,8.833931922912598,11.230242729187012,13.626553535461426,17.176742553710938,11.459446907043455,2.586493968963623,-0.0409861467778682,0.3901272386117462,0.4236699445827447,0.744692325592041,4619,15.317014694213867,9.10952854156494,740,24.00006103515625,17.42681121826172,5496,13.23003101348877,7.540404319763184,0.0945945945945946,0.9948693473332538,0.2300186383072031,0.444359171143515,0.6301940576691152,0.3681613858129591,0.6452143405328363,0.8336805174871177,0.7594040036201477,I200C_C4_seed57721_fold1,INNOVATION200_CONFIRM,adaptive_resnet,multiview_zscore,10.0,none,direct,huber_ccc,jitter_scale,none,57722,926775,926775,36568,9121,10.203209400177002,I200_OBJECTIVE_029_26d6c1ef0d,multiview10_ccc020,best_direct_high_bp_sensitivity_under_accuracy_gate,4,57721,57722,1,ok,1219,305,0,True
3,0.6225229645274697,13.297099113464355,8.972296714782715,11.134697914123535,13.297099113464355,16.90838050842285,11.618566513061523,-1.147416114807129,0.2046981304883957,0.3925232645042019,0.4115501891544081,0.7410764694213867,4619,14.035496711730955,9.254222869873049,740,29.15411949157715,17.699180603027344,5496,11.727575302124023,7.749924182891846,0.0,1.0,0.2359390417717355,0.4604758250191865,0.6428023243065454,0.3607060629316961,0.6436794211161057,0.8298432189452911,0.749153733253479,I200C_C5_seed57721_fold1,INNOVATION200_CONFIRM,morphology_resnet,multiview_zscore,10.0,none,multitask,multitask,jitter_scale,none,57722,334433,334433,36568,9121,7.764350414276123,I200_ARCH_051_79a6655a84,morphology_w64_eca_attention,best_parameter_efficient_under_accuracy_gate,5,57721,57722,1,ok,1219,305,0,True
5,0.5998565258155942,12.964105606079102,8.235199928283691,10.599653244018556,12.964105606079102,16.363040924072266,10.580470085144045,-3.331937313079834,0.2280479669570922,0.436311473339506,0.5252704747605883,0.6998796463012695,4537,12.465457916259766,9.015782356262209,689,30.42603874206543,15.214659690856934,5559,11.144620895385742,7.294247627258301,0.0420899854862119,0.9984633569739952,0.2383867089299376,0.4634386271723685,0.6558093780741064,0.3868182315007105,0.6748278500382555,0.8547382227565854,0.7043752074241638,I200C_C1_seed57721_fold2,INNOVATION200_CONFIRM,resnet,multiview,10.0,none,multitask,multitask,jitter_scale,none,57723,1146884,1146884,36540,9149,10.798748016357422,PRIOR_WINNER_FIXED,prior_resnet_multiview10_multitask,fixed_prior_winner,1,57721,57723,2,ok,1219,305,0,True
3,0.6267326698877425,12.895715713500977,8.278458595275879,10.587087631225586,12.895715713500977,16.03691291809082,10.738085746765137,0.475168913602829,-0.951992392539978,0.4298814470979331,0.507892298964757,0.6997352838516235,4537,13.622820854187012,8.308387756347656,689,27.35837173461914,16.06884002685547,5559,11.974530220031738,6.761948585510254,0.0,1.0,0.2382774073669253,0.451743359930047,0.6428024920756367,0.3843042955514263,0.6809487375669472,0.8604219040332277,0.7051299214363098,I200C_C2_seed57721_fold2,INNOVATION200_CONFIRM,adaptive_resnet,multiview_zscore,10.0,none,multitask,multitask,amplitude_warp,none,57723,705721,705721,36540,9149,7.819530248641968,I200_TRAIN_003_7a8882a0ec,adamw_3e4_cos_amplitude_warp,best_normalized_accuracy,2,57721,57723,2,ok,1219,305,0,True
3,0.6403136456199966,12.9357328414917,8.329895973205566,10.632814407348633,12.9357328414917,16.189849853515625,10.76401138305664,-1.8448646068573,-0.8842045068740845,0.4214958693361309,0.5049283759444658,0.7029602527618408,4537,13.003326416015623,8.516798973083496,689,30.02701187133789,16.44076919555664,5559,11.382529258728027,6.768753528594971,0.0,1.0,0.24035413706416,0.4549131052574052,0.642255984260575,0.3802601377199694,0.6729697234670455,0.8572521587058695,0.7053452730178833,I200C_C3_seed57721_fold2,INNOVATION200_CONFIRM,conv_transformer_lite,multiview_zscore,10.0,none,multitask,multitask,jitter_scale,none,57723,148804,148804,36540,9149,5.498854160308838,I200_ARCH_073_f3d457acb9,convtransformer_w64_p15_d1,best_tail_aware_accuracy,3,57721,57723,2,ok,1219,305,0,True
4,0.5646186235375429,13.183083534240724,8.271305084228516,10.72719383239746,13.183083534240724,16.428834915161133,10.710493087768556,-0.0452009253203868,-0.2482867687940597,0.4062599552669682,0.5090639059757988,0.7074868083000183,4537,13.608816146850586,8.56589412689209,689,26.775409698486328,15.003833770751951,5559,12.117669105529783,7.080810070037842,0.0275761973875181,0.9945626477541372,0.2317193135861842,0.4455131708383429,0.6318723357744016,0.3816810580391299,0.6788720078697126,0.8555033336976718,0.71347975730896,I200C_C4_seed57721_fold2,INNOVATION200_CONFIRM,adaptive_resnet,multiview_zscore,10.0,none,direct,huber_ccc,jitter_scale,none,57723,926775,926775,36540,9149,10.233803987503052,I200_OBJECTIVE_029_26d6c1ef0d,multiview10_ccc020,best_direct_high_bp_sensitivity_under_accuracy_gate,4,57721,57723,2,ok,1219,305,0,True
3,0.6288947846877013,12.88344955444336,8.319116592407227,10.601283073425291,12.88344955444336,16.17170524597168,10.851225852966309,-2.448368549346924,-1.5543349981307983,0.4345101645067792,0.5015777721879504,0.701055645942688,4537,12.710325241088867,8.009986877441406,689,30.044893264770508,16.708248138427734,5559,11.16132354736328,6.426607131958008,0.0,1.0,0.2419936605093453,0.4628921193573068,0.6449885233358837,0.3859438189966117,0.6807301344409225,0.8563777462017707,0.696681797504425,I200C_C5_seed57721_fold2,INNOVATION200_CONFIRM,morphology_resnet,multiview_zscore,10.0,none,multitask,multitask,jitter_scale,none,57723,334433,334433,36540,9149,7.760605096817017,I200_ARCH_051_79a6655a84,morphology_w64_eca_attention,best_parameter_efficient_under_accuracy_gate,5,57721,57723,2,ok,1219,305,0,True
5,0.5972977829853278,12.92673110961914,8.291280746459961,10.60900592803955,12.92673110961914,16.353689193725586,10.86813735961914,0.7093176245689392,-0.7246914505958557,0.3923254034276713,0.4665557248331291,0.6999474763870239,4597,14.018108367919922,8.583199501037598,706,27.537681579589844,17.8719482421875,5531,12.023634910583496,6.749803066253662,0.0240793201133144,0.9979864976903944,0.244726199584654,0.4668269756257514,0.651000109301563,0.3843042955514263,0.6856487047764783,0.8610777134113018,0.7105599641799927,I200C_C1_seed57721_fold3,INNOVATION200_CONFIRM,resnet,multiview,10.0,none,multitask,multitask,jitter_scale,none,57724,1146884,1146884,36540,9149,10.796161890029907,PRIOR_WINNER_FIXED,prior_resnet_multiview10_multitask,fixed_prior_winner,1,57721,57724,3,ok,1219,305,0,True
3,0.6227886512953573,12.979896545410156,8.420154571533203,10.70002555847168,12.979896545410156,16.537952423095703,11.015809059143066,-1.2120673656463623,-0.5282611846923828,0.3755993031459968,0.4502852248208068,0.7066917419433594,4597,13.426380157470703,8.817809104919434,706,29.44884490966797,17.522966384887695,5531,11.60360622406006,7.0954909324646,0.0,1.0,0.2523773089955186,0.4708711334572084,0.6532954421248224,0.3778555033336976,0.6778882938026014,0.8585637774620177,0.7138704061508179,I200C_C2_seed57721_fold3,INNOVATION200_CONFIRM,adaptive_resnet,multiview_zscore,10.0,none,multitask,multitask,amplitude_warp,none,57724,705721,705721,36540,9149,7.783050537109375,I200_TRAIN_003_7a8882a0ec,adamw_3e4_cos_amplitude_warp,best_normalized_accuracy,2,57721,57724,3,ok,1219,305,0,True
3,0.6356509967624205,12.935670852661133,8.492147445678711,10.713909149169922,12.935670852661133,16.415504455566406,11.186243057250977,-1.4902206659317017,-1.9628255367279053,0.3905304974269006,0.4441401933542463,0.708390474319458,4597,13.297783851623535,8.083257675170898,706,29.432174682617188,18.7436466217041,5531,11.450722694396973,6.387831211090088,0.0,1.0,0.2436331839545305,0.4694502131380478,0.6527489343097607,0.3771996939556236,0.6797464203738114,0.8614056181003389,0.7067545652389526,I200C_C3_seed57721_fold3,INNOVATION200_CONFIRM,conv_transformer_lite,multiview_zscore,10.0,none,multitask,multitask,jitter_scale,none,57724,148804,148804,36540,9149,5.544347286224365,I200_ARCH_073_f3d457acb9,convtransformer_w64_p15_d1,best_tail_aware_accuracy,3,57721,57724,3,ok,1219,305,0,True
4,0.5533151990144041,13.559712409973145,8.650927543640137,11.10531997680664,13.559712409973145,17.20301055908203,11.327383041381836,2.2551848888397217,-0.1856854557991027,0.3554278798086178,0.4281780190623486,0.7323311567306519,4597,14.521142959594728,8.828353881835938,706,25.181421279907227,18.016611099243164,5531,12.820389747619627,7.214582920074463,0.0906515580736544,0.9856686012081014,0.2371843917368018,0.4503224396108864,0.630123510766204,0.3767624877035742,0.6623674718548476,0.8449010820854739,0.7408669590950012,I200C_C4_seed57721_fold3,INNOVATION200_CONFIRM,adaptive_resnet,multiview_zscore,10.0,none,direct,huber_ccc,jitter_scale,none,57724,926775,926775,36540,9149,10.349969387054443,I200_OBJECTIVE_029_26d6c1ef0d,multiview10_ccc020,best_direct_high_bp_sensitivity_under_accuracy_gate,4,57721,57724,3,ok,1219,305,0,True
3,0.6223612652399153,13.112852096557615,8.479634284973145,10.79624366760254,13.112852096557615,16.823089599609375,11.189764976501465,-3.160154104232788,-1.825192213058472,0.3765453498286958,0.4445437294761512,0.7128386497497559,4597,12.939923286437988,8.184256553649902,706,31.21233367919922,18.698383331298828,5531,11.224900245666504,6.494758129119873,0.0,0.9998815586876704,0.2541261340037162,0.4716362443982949,0.6470652530331183,0.3756694720734506,0.6810580391299595,0.8609684118482894,0.7086168527603149,I200C_C5_seed57721_fold3,INNOVATION200_CONFIRM,morphology_resnet,multiview_zscore,10.0,none,multitask,multitask,jitter_scale,none,57724,334433,334433,36540,9149,7.853487014770508,I200_ARCH_051_79a6655a84,morphology_w64_eca_attention,best_parameter_efficient_under_accuracy_gate,5,57721,57724,3,ok,1219,305,0,True
5,0.6029106813887651,12.829540252685549,7.932900428771973,10.381219863891602,12.829540252685549,16.046566009521484,10.334601402282717,-2.86828088760376,-0.9903788566589355,0.4271405266535512,0.5065062920235301,0.6790242195129395,4546,12.342364311218262,8.175347328186035,741,28.89573097229004,15.416953086853027,5534,11.003335952758787,6.442144393920898,0.0283400809716599,0.9997621595909144,0.2454644808743169,0.4642622950819672,0.6457923497267759,0.3980327868852459,0.7060109289617487,0.8665573770491803,0.6780810356140137,I200C_C1_seed57721_fold4,INNOVATION200_CONFIRM,resnet,multiview,10.0,none,multitask,multitask,jitter_scale,none,57725,1146884,1146884,36539,9150,10.899530172348022,PRIOR_WINNER_FIXED,prior_resnet_multiview10_multitask,fixed_prior_winner,1,57721,57725,4,ok,1219,305,0,True
3,0.6267245808196942,12.747413635253906,7.911418914794922,10.329416275024414,12.747413635253906,15.80372714996338,10.333020210266112,0.907928705215454,-0.7895946502685547,0.4308745390195729,0.5013405501701698,0.6758637428283691,4546,13.27431583404541,8.075820922851562,741,24.28201675415039,14.075509071350098,5534,11.822598457336426,6.674086570739746,0.0,1.0,0.2392349726775956,0.460327868852459,0.6445901639344263,0.4045901639344262,0.7050273224043716,0.8737704918032787,0.6812019348144531,I200C_C2_seed57721_fold4,INNOVATION200_CONFIRM,adaptive_resnet,multiview_zscore,10.0,none,multitask,multitask,amplitude_warp,none,57725,705721,705721,36539,9150,7.860716104507446,I200_TRAIN_003_7a8882a0ec,adamw_3e4_cos_amplitude_warp,best_normalized_accuracy,2,57721,57725,4,ok,1219,305,0,True
3,0.6409359820850232,12.685997009277344,7.919808864593506,10.302903175354004,12.685997009277344,15.712773323059082,10.316839218139648,0.6559929251670837,-0.2934369742870331,0.4379562736842134,0.4972856123497413,0.6744903326034546,4546,13.168972969055176,8.389108657836914,741,24.717472076416016,14.381709098815918,5534,11.725944519042969,6.808515548706055,0.0040485829959514,1.0,0.2384699453551912,0.4579234972677595,0.6490710382513661,0.3946448087431694,0.7050273224043716,0.8724590163934426,0.6826082468032837,I200C_C3_seed57721_fold4,INNOVATION200_CONFIRM,conv_transformer_lite,multiview_zscore,10.0,none,multitask,multitask,jitter_scale,none,57725,148804,148804,36539,9150,5.574521064758301,I200_ARCH_073_f3d457acb9,convtransformer_w64_p15_d1,best_tail_aware_accuracy,3,57721,57725,4,ok,1219,305,0,True
4,0.562461152438718,13.607213020324709,8.248332977294922,10.927772521972656,13.607213020324709,17.1405086517334,10.743572235107422,-2.752223014831543,-0.7086173295974731,0.3973051700842858,0.4862563329718811,0.7134862542152405,4546,12.72104835510254,8.042393684387207,741,24.72160530090332,12.890751838684082,5534,12.04787826538086,7.014997959136963,0.0674763832658569,0.9894161017956952,0.2308196721311475,0.4431693989071038,0.6244808743169399,0.3854644808743169,0.6871038251366121,0.8577049180327869,0.705222487449646,I200C_C4_seed57721_fold4,INNOVATION200_CONFIRM,adaptive_resnet,multiview_zscore,10.0,none,direct,huber_ccc,jitter_scale,none,57725,926775,926775,36539,9150,10.28342890739441,I200_OBJECTIVE_029_26d6c1ef0d,multiview10_ccc020,best_direct_high_bp_sensitivity_under_accuracy_gate,4,57721,57725,4,ok,1219,305,0,True
3,0.6278483433873242,12.869776725769045,8.154999732971191,10.512388229370115,12.869776725769045,15.954684257507324,10.4033203125,1.5110100507736206,1.3939391374588013,0.4189469965538955,0.4977073012821225,0.6891385316848755,4546,13.53281307220459,9.539730072021484,741,23.995508193969727,12.644197463989258,5534,12.049647331237791,7.91197395324707,0.029689608636977,0.9996432393863718,0.2363934426229508,0.4553005464480874,0.6381420765027322,0.3794535519125683,0.6801092896174863,0.8614207650273225,0.707777738571167,I200C_C5_seed57721_fold4,INNOVATION200_CONFIRM,morphology_resnet,multiview_zscore,10.0,none,multitask,multitask,jitter_scale,none,57725,334433,334433,36539,9150,7.83838939666748,I200_ARCH_051_79a6655a84,morphology_w64_eca_attention,best_parameter_efficient_under_accuracy_gate,5,57721,57725,4,ok,1219,305,0,True
5,0.6014383712988249,13.398826599121094,8.224227905273438,10.811527252197266,13.398826599121094,16.923219680786133,10.639854431152344,-0.8844959735870361,-0.1689477413892746,0.3691567413615111,0.5215784223574843,0.7135536670684814,4719,14.009239196777344,9.137643814086914,750,29.617206573486328,17.15875816345215,5579,11.88363552093506,7.007298469543457,0.0253333333333333,0.9998805256869772,0.2298245614035087,0.4529605263157895,0.6357456140350877,0.3763157894736842,0.6930921052631579,0.8632675438596491,0.7271854281425476,I200C_C1_seed57721_fold5,INNOVATION200_CONFIRM,resnet,multiview,10.0,none,multitask,multitask,jitter_scale,none,57726,1146884,1146884,36569,9120,11.087149381637571,PRIOR_WINNER_FIXED,prior_resnet_multiview10_multitask,fixed_prior_winner,1,57721,57726,5,ok,1220,304,0,True
3,0.6279157456303142,13.291080474853516,8.152507781982422,10.721794128417969,13.291080474853516,16.9050235748291,10.864178657531738,-2.6318678855896,-2.510396242141724,0.3941243357838635,0.5270840299899789,0.7075873017311096,4719,13.532087326049805,7.658234119415283,750,30.771818161010746,19.408275604248047,5579,11.486804962158203,5.69788932800293,0.0,1.0,0.2359649122807017,0.4585526315789474,0.6459429824561403,0.4070175438596491,0.7015350877192983,0.8633771929824562,0.7042339444160461,I200C_C2_seed57721_fold5,INNOVATION200_CONFIRM,adaptive_resnet,multiview_zscore,10.0,none,multitask,multitask,amplitude_warp,none,57726,705721,705721,36569,9120,7.932514429092407,I200_TRAIN_003_7a8882a0ec,adamw_3e4_cos_amplitude_warp,best_normalized_accuracy,2,57721,57726,5,ok,1220,304,0,True
3,0.6395179192433182,13.210471153259276,8.29697322845459,10.753722190856934,13.210471153259276,16.730106353759766,11.016337394714355,-1.218877911567688,-3.081047773361206,0.3982143746080415,0.5183171718343331,0.7112213969230652,4719,13.76684856414795,7.442981719970703,750,28.613624572753903,19.291189193725582,5579,11.79088306427002,5.717440128326416,0.012,0.9998805256869772,0.2343201754385964,0.4597587719298245,0.6480263157894737,0.3978070175438596,0.693311403508772,0.8573464912280702,0.7064131498336792,I200C_C3_seed57721_fold5,INNOVATION200_CONFIRM,conv_transformer_lite,multiview_zscore,10.0,none,multitask,multitask,jitter_scale,none,57726,148804,148804,36569,9120,5.627664804458618,I200_ARCH_073_f3d457acb9,convtransformer_w64_p15_d1,best_tail_aware_accuracy,3,57721,57726,5,ok,1220,304,0,True
4,0.5686827815327969,13.500186920166016,8.187616348266602,10.843901634216309,13.500186920166016,17.14777374267578,10.536964416503906,-3.061291217803955,0.2201939970254898,0.4157711277553976,0.5232063888479447,0.7149122953414917,4719,13.155116081237791,8.945863723754883,750,28.54831314086914,15.452165603637695,5579,11.632699012756348,7.220008373260498,0.0706666666666666,0.9929510155316608,0.2359649122807017,0.4576754385964912,0.6336622807017543,0.3807017543859649,0.6853070175438597,0.8650219298245614,0.7202301621437073,I200C_C4_seed57721_fold5,INNOVATION200_CONFIRM,adaptive_resnet,multiview_zscore,10.0,none,direct,huber_ccc,jitter_scale,none,57726,926775,926775,36569,9120,10.3000648021698,I200_OBJECTIVE_029_26d6c1ef0d,multiview10_ccc020,best_direct_high_bp_sensitivity_under_accuracy_gate,4,57721,57726,5,ok,1220,304,0,True
3,0.6255375652413093,13.159809112548828,8.227265357971191,10.693536758422852,13.159809112548828,16.64039421081543,10.982421875,-0.4518667757511139,-3.279435873031616,0.4045796805146257,0.5307415208629787,0.7069452404975891,4719,13.957230567932127,7.298951148986816,750,28.1378173828125,19.39488220214844,5579,11.925409317016602,5.575029850006104,0.0093333333333333,0.9998805256869772,0.2345394736842105,0.4582236842105263,0.6503289473684211,0.4012061403508772,0.6963815789473684,0.8589912280701755,0.7030749917030334,I200C_C5_seed57721_fold5,INNOVATION200_CONFIRM,morphology_resnet,multiview_zscore,10.0,none,multitask,multitask,jitter_scale,none,57726,334433,334433,36569,9120,7.868919134140015,I200_ARCH_051_79a6655a84,morphology_w64_eca_attention,best_parameter_efficient_under_accuracy_gate,5,57721,57726,5,ok,1220,304,0,True
5,0.5981519805823321,12.980037689208984,8.585269927978516,10.78265380859375,12.980037689208984,16.2725887298584,11.048885345458984,-1.211630940437317,0.5906931161880493,0.4003283298477452,0.4629135854156349,0.7139391899108887,4547,13.260080337524414,9.643793106079102,752,25.66524124145508,16.009449005126953,5546,11.56614589691162,7.712131500244141,0.0345744680851063,0.9984516436398284,0.2381941407958023,0.4591167468299081,0.6506340183646698,0.369916921731526,0.6522737210319195,0.8446655006558811,0.7267296314239502,I200C_C1_seed104729_fold1,INNOVATION200_CONFIRM,resnet,multiview,10.0,none,multitask,multitask,jitter_scale,none,104730,1146884,1146884,36541,9148,11.018466472625732,PRIOR_WINNER_FIXED,prior_resnet_multiview10_multitask,fixed_prior_winner,1,104729,104730,1,ok,1219,305,0,True
3,0.6196079843955514,13.00003719329834,8.491827011108398,10.745931625366213,13.00003719329834,16.25066375732422,11.065884590148926,-2.265443086624145,-0.7632197141647339,0.4068775776236252,0.4629341828565865,0.7106714248657227,4547,12.90388298034668,8.71371841430664,752,27.681827545166016,17.259735107421875,5546,11.27708911895752,6.912230491638184,0.0,1.0,0.2332750327940533,0.4536510712724093,0.6445124617402711,0.3742894621775251,0.6758854394403149,0.8471797114123306,0.7122716903686523,I200C_C2_seed104729_fold1,INNOVATION200_CONFIRM,adaptive_resnet,multiview_zscore,10.0,none,multitask,multitask,amplitude_warp,none,104730,705721,705721,36541,9148,7.906912088394165,I200_TRAIN_003_7a8882a0ec,adamw_3e4_cos_amplitude_warp,best_normalized_accuracy,2,104729,104730,1,ok,1219,305,0,True
3,0.6356893203645476,12.994226455688477,8.564424514770508,10.779325485229492,12.994226455688477,16.21747589111328,11.1021146774292,-2.3070433139801025,-0.523052990436554,0.4092978134763361,0.45405237698134,0.7134817838668823,4547,12.927495956420898,9.01755142211914,752,27.686235427856445,17.192161560058594,5546,11.279548645019531,7.127617359161377,0.0,1.0,0.2311980760822037,0.4582422387407083,0.6442938347179712,0.3665282028858767,0.670091823349366,0.8439003060778312,0.7176545262336731,I200C_C3_seed104729_fold1,INNOVATION200_CONFIRM,conv_transformer_lite,multiview_zscore,10.0,none,multitask,multitask,jitter_scale,none,104730,148804,148804,36541,9148,5.631657361984253,I200_ARCH_073_f3d457acb9,convtransformer_w64_p15_d1,best_tail_aware_accuracy,3,104729,104730,1,ok,1219,305,0,True
4,0.5576714768771726,12.999992370605469,8.67344856262207,10.83672046661377,12.999992370605469,16.212060928344727,11.10940647125244,-0.8160017728805542,0.8052234053611755,0.4151357242416176,0.4667002944670669,0.7181069850921631,4547,13.307862281799316,9.592976570129396,752,24.347871780395508,15.334810256958008,5546,11.798150062561035,7.950572490692139,0.038563829787234,0.9980943306336352,0.2389593353738522,0.4558373414954088,0.6365325754263227,0.3614997813729777,0.6535854831657193,0.8401836466987319,0.7296688556671143,I200C_C4_seed104729_fold1,INNOVATION200_CONFIRM,adaptive_resnet,multiview_zscore,10.0,none,direct,huber_ccc,jitter_scale,none,104730,926775,926775,36541,9148,10.463838338851929,I200_OBJECTIVE_029_26d6c1ef0d,multiview10_ccc020,best_direct_high_bp_sensitivity_under_accuracy_gate,4,104729,104730,1,ok,1219,305,0,True
3,0.6250834259063162,12.999354362487791,8.477121353149414,10.738237380981444,12.999354362487791,16.238603591918945,11.010199546813965,-2.2942895889282227,-0.6015152335166931,0.4135066165601805,0.4688592359900084,0.7100501656532288,4547,12.779094696044922,8.832184791564941,752,26.84902572631836,17.036684036254883,5546,11.280566215515137,6.934367656707764,0.0026595744680851,1.0,0.2322912111937035,0.4500437254044599,0.6448404022737211,0.3734149540883253,0.6692173152601661,0.85045911674683,0.7121474742889404,I200C_C5_seed104729_fold1,INNOVATION200_CONFIRM,morphology_resnet,multiview_zscore,10.0,none,multitask,multitask,jitter_scale,none,104730,334433,334433,36541,9148,7.974191665649414,I200_ARCH_051_79a6655a84,morphology_w64_eca_attention,best_parameter_efficient_under_accuracy_gate,5,104729,104730,1,ok,1219,305,0,True
5,0.6037589074429417,12.95867919921875,8.28101634979248,10.619848251342772,12.95867919921875,16.249977111816406,10.79498291015625,-0.0865288972854614,-1.1658668518066406,0.4234696044831525,0.5031565639494232,0.7022417783737183,4688,13.64795207977295,8.045524597167969,711,25.91218376159668,17.046669006347656,5656,12.12705421447754,6.7578229904174805,0.0070323488045007,0.9992885937870524,0.2393657736468015,0.4529250956806998,0.6503007107709131,0.3900492072170585,0.6846364133406233,0.8554401312192454,0.7046681642532349,I200C_C1_seed104729_fold2,INNOVATION200_CONFIRM,resnet,multiview,10.0,none,multitask,multitask,jitter_scale,none,104731,1146884,1146884,36544,9145,10.935526371002195,PRIOR_WINNER_FIXED,prior_resnet_multiview10_multitask,fixed_prior_winner,1,104729,104731,2,ok,1219,305,0,True
3,0.6241895102393564,12.99592113494873,8.200531005859375,10.598226547241213,12.99592113494873,16.261089324951172,10.637415885925291,0.8770065307617188,-0.5108457803726196,0.4215415762889912,0.513196921875332,0.6999948024749756,4688,13.98754596710205,8.394177436828613,711,25.36921501159668,16.748882293701172,5656,12.333194732666016,6.909512519836426,0.0,1.0,0.2335702569710224,0.4574084199015855,0.6450519409513396,0.3805358119190815,0.6866047020229634,0.8652815746309459,0.7089296579360962,I200C_C2_seed104729_fold2,INNOVATION200_CONFIRM,adaptive_resnet,multiview_zscore,10.0,none,multitask,multitask,amplitude_warp,none,104731,705721,705721,36544,9145,7.888697862625122,I200_TRAIN_003_7a8882a0ec,adamw_3e4_cos_amplitude_warp,best_normalized_accuracy,2,104729,104731,2,ok,1219,305,0,True
3,0.6382405144693963,13.030441284179688,8.19510269165039,10.61277198791504,13.030441284179688,16.2414493560791,10.727075576782228,-0.2608117163181305,-1.704162359237671,0.4185231628196458,0.5205365796949264,0.700741171836853,4688,13.77531909942627,7.739701747894287,711,28.027467727661133,18.45189666748047,5656,12.061403274536133,6.220353603363037,0.0,1.0,0.234117003827228,0.4513942044833242,0.6372881355932203,0.3851284855112083,0.6922908693275014,0.8652815746309459,0.7013089656829834,I200C_C3_seed104729_fold2,INNOVATION200_CONFIRM,conv_transformer_lite,multiview_zscore,10.0,none,multitask,multitask,jitter_scale,none,104731,148804,148804,36544,9145,5.613037347793579,I200_ARCH_073_f3d457acb9,convtransformer_w64_p15_d1,best_tail_aware_accuracy,3,104729,104731,2,ok,1219,305,0,True
4,0.5603133073339912,12.889931678771973,8.943266868591309,10.91659927368164,12.889931678771973,16.182636260986328,11.163907051086426,0.2401551455259323,3.1333167552948,0.4289839322137152,0.5007981684692009,0.7273991703987122,4688,13.850788116455078,11.07738971710205,711,26.20115852355957,13.51266384124756,5656,12.145206451416016,9.513594627380373,0.0,0.999762864595684,0.2405686167304538,0.4612356478950246,0.6524876981957354,0.3304537998906506,0.6252597047566977,0.8288682340076544,0.7559596300125122,I200C_C4_seed104729_fold2,INNOVATION200_CONFIRM,adaptive_resnet,multiview_zscore,10.0,none,direct,huber_ccc,jitter_scale,none,104731,926775,926775,36544,9145,10.319334983825684,I200_OBJECTIVE_029_26d6c1ef0d,multiview10_ccc020,best_direct_high_bp_sensitivity_under_accuracy_gate,4,104729,104731,2,ok,1219,305,0,True
3,0.6255104955266283,13.038844108581545,8.270392417907715,10.654618263244627,13.038844108581545,16.261289596557617,10.84756565093994,-0.1089771389961242,-1.7343825101852417,0.414627377265774,0.5032281071168438,0.7040562629699707,4688,13.876923561096191,7.800608158111572,711,27.10308074951172,17.65842056274414,5656,12.220141410827637,6.424664974212647,0.0,0.999881432297842,0.2320393657736468,0.451175505740842,0.6414434117003828,0.3878622197922362,0.6927282668124658,0.8600328048113723,0.7051306962966919,I200C_C5_seed104729_fold2,INNOVATION200_CONFIRM,morphology_resnet,multiview_zscore,10.0,none,multitask,multitask,jitter_scale,none,104731,334433,334433,36544,9145,7.931068897247314,I200_ARCH_051_79a6655a84,morphology_w64_eca_attention,best_parameter_efficient_under_accuracy_gate,5,104729,104731,2,ok,1219,305,0,True
5,0.5975332597163335,13.02572250366211,8.0737943649292,10.549758911132812,13.02572250366211,16.37246322631836,10.56617546081543,0.692111611366272,-0.1124070361256599,0.4132281685527454,0.518641665371515,0.6945425271987915,4615,13.838631629943848,8.527682304382324,759,25.338184356689453,14.961015701293944,5531,11.916980743408203,6.923247814178467,0.1185770750988142,0.9913002025980217,0.2390163934426229,0.4644808743169399,0.644808743169399,0.3943169398907103,0.6987978142076503,0.8637158469945355,0.704868733882904,I200C_C1_seed104729_fold3,INNOVATION200_CONFIRM,resnet,multiview,10.0,none,multitask,multitask,jitter_scale,none,104732,1146884,1146884,36539,9150,10.992156744003296,PRIOR_WINNER_FIXED,prior_resnet_multiview10_multitask,fixed_prior_winner,1,104729,104732,3,ok,1219,305,0,True
3,0.6245307494832583,13.073412895202637,8.216094970703125,10.64475440979004,13.073412895202637,16.305500030517578,10.598589897155762,0.5333464741706848,0.1213762611150741,0.4023059509073813,0.5067551042811385,0.7016873955726624,4615,14.06567668914795,9.197720527648926,759,27.503677368164062,16.053442001342773,5531,11.95527172088623,7.311946868896484,0.0,1.0,0.2323497267759562,0.4533333333333333,0.6434972677595628,0.3815300546448087,0.6896174863387978,0.8592349726775956,0.7186554670333862,I200C_C2_seed104729_fold3,INNOVATION200_CONFIRM,adaptive_resnet,multiview_zscore,10.0,none,multitask,multitask,amplitude_warp,none,104732,705721,705721,36539,9150,7.918686628341675,I200_TRAIN_003_7a8882a0ec,adamw_3e4_cos_amplitude_warp,best_normalized_accuracy,2,104729,104732,3,ok,1219,305,0,True
3,0.6388334628799199,13.002055168151855,8.187847137451172,10.594951629638672,13.002055168151855,16.35355567932129,10.677921295166016,-1.8857210874557493,-0.8280172944068909,0.4081989856014153,0.4999620985359218,0.6985349655151367,4615,13.296173095703123,8.610116004943848,759,29.63485145568848,16.903215408325195,5531,11.335214614868164,6.767329692840576,0.0,1.0,0.2405464480874317,0.4610928961748634,0.6496174863387978,0.3868852459016393,0.6924590163934427,0.861639344262295,0.7049044370651245,I200C_C3_seed104729_fold3,INNOVATION200_CONFIRM,conv_transformer_lite,multiview_zscore,10.0,none,multitask,multitask,jitter_scale,none,104732,148804,148804,36539,9150,5.663534641265869,I200_ARCH_073_f3d457acb9,convtransformer_w64_p15_d1,best_tail_aware_accuracy,3,104729,104732,3,ok,1219,305,0,True
4,0.5598040986123509,13.189085006713867,8.340347290039062,10.764716148376465,13.189085006713867,16.738584518432617,10.84668254852295,-1.1916643381118774,0.6778855919837952,0.4188814734635649,0.506948863332737,0.7100003957748413,4615,13.202545166015623,9.04263687133789,759,25.45639991760254,13.902108192443848,5531,11.80142307281494,7.689976215362549,0.1133069828722002,0.9926111309736624,0.253551912568306,0.4650273224043715,0.6386885245901639,0.3872131147540983,0.6838251366120218,0.8510382513661202,0.7172614336013794,I200C_C4_seed104729_fold3,INNOVATION200_CONFIRM,adaptive_resnet,multiview_zscore,10.0,none,direct,huber_ccc,jitter_scale,none,104732,926775,926775,36539,9150,10.26615834236145,I200_OBJECTIVE_029_26d6c1ef0d,multiview10_ccc020,best_direct_high_bp_sensitivity_under_accuracy_gate,4,104729,104732,3,ok,1219,305,0,True
3,0.6233218178075022,13.053050994873049,8.242033958435059,10.647542953491213,13.053050994873049,16.48552703857422,10.79684352874756,-0.507086455821991,-1.3514729738235474,0.390474389252752,0.4936424998662606,0.7021756768226624,4615,13.608997344970703,8.353245735168457,759,28.07575035095215,16.96482276916504,5531,11.63233470916748,6.630265235900879,0.0342555994729907,0.9997616493862472,0.2408743169398907,0.4608743169398907,0.6474316939890711,0.3948633879781421,0.6890710382513662,0.8543169398907103,0.7072049379348755,I200C_C5_seed104729_fold3,INNOVATION200_CONFIRM,morphology_resnet,multiview_zscore,10.0,none,multitask,multitask,jitter_scale,none,104732,334433,334433,36539,9150,7.929002046585083,I200_ARCH_051_79a6655a84,morphology_w64_eca_attention,best_parameter_efficient_under_accuracy_gate,5,104729,104732,3,ok,1219,305,0,True
5,0.597135995383038,13.695452690124512,8.300797462463379,10.998125076293944,13.695452690124512,17.609617233276367,11.082634925842283,-4.174240589141846,-2.4901766777038574,0.3666994841369909,0.4531378004678056,0.7244824171066284,4707,13.53750991821289,7.783370971679687,785,35.75959396362305,19.4250545501709,5500,10.978116035461426,5.850643634796143,0.0025477707006369,0.999760479041916,0.2345922276956759,0.453639846743295,0.6347016967706622,0.402408319649699,0.6929392446633826,0.8570333880678708,0.7181072235107422,I200C_C1_seed104729_fold4,INNOVATION200_CONFIRM,resnet,multiview,10.0,none,multitask,multitask,jitter_scale,none,104733,1146884,1146884,36554,9135,11.042293548583984,PRIOR_WINNER_FIXED,prior_resnet_multiview10_multitask,fixed_prior_winner,1,104729,104733,4,ok,1219,305,0,True
3,0.6200319999799678,13.709196090698242,8.269779205322266,10.989487648010254,13.709196090698242,17.399694442749023,10.868627548217772,-1.5343940258026123,-0.7955609560012817,0.3513593842282559,0.4519555943026641,0.7236096262931824,4707,14.111775398254396,8.537081718444824,785,31.7314395904541,17.252567291259766,5500,11.717524528503418,6.703733444213867,0.0,1.0,0.2303229337712096,0.4399562123700055,0.6303229337712096,0.3939792008757526,0.6893267651888342,0.8614121510673235,0.7291705012321472,I200C_C2_seed104729_fold4,INNOVATION200_CONFIRM,adaptive_resnet,multiview_zscore,10.0,none,multitask,multitask,amplitude_warp,none,104733,705721,705721,36554,9135,7.898472547531128,I200_TRAIN_003_7a8882a0ec,adamw_3e4_cos_amplitude_warp,best_normalized_accuracy,2,104729,104733,4,ok,1219,305,0,True
3,0.631044927691914,13.867239952087402,8.480236053466797,11.173738479614258,13.867239952087402,17.636438369750977,11.305374145507812,-1.236042857170105,-2.303015947341919,0.3393842609228558,0.4398702602069972,0.736632227897644,4707,14.191227912902832,7.820420265197754,785,31.156543731689453,18.4962215423584,5500,11.898771286010742,6.20188045501709,0.0318471337579617,0.998562874251497,0.2320744389709907,0.4378762999452654,0.623535851122058,0.3923371647509578,0.6831964969896004,0.8483853311439519,0.732214093208313,I200C_C3_seed104729_fold4,INNOVATION200_CONFIRM,conv_transformer_lite,multiview_zscore,10.0,none,multitask,multitask,jitter_scale,none,104733,148804,148804,36554,9135,5.601947546005249,I200_ARCH_073_f3d457acb9,convtransformer_w64_p15_d1,best_tail_aware_accuracy,3,104729,104733,4,ok,1219,305,0,True
4,0.5543014048281765,14.161813735961914,8.58379077911377,11.372802734375,14.161813735961914,18.26097297668457,11.21136474609375,-3.174837350845337,-1.1937198638916016,0.3559318814053599,0.4466605726909108,0.7491662502288818,4707,13.614076614379885,8.209650039672852,785,30.9267692565918,17.0794734954834,5500,11.720890998840332,6.717248439788818,0.0777070063694267,0.9877844311377244,0.2370005473453749,0.4460864805692391,0.6203612479474548,0.3714285714285714,0.6798029556650246,0.8440065681444991,0.7414939403533936,I200C_C4_seed104729_fold4,INNOVATION200_CONFIRM,adaptive_resnet,multiview_zscore,10.0,none,direct,huber_ccc,jitter_scale,none,104733,926775,926775,36554,9135,10.334672212600708,I200_OBJECTIVE_029_26d6c1ef0d,multiview10_ccc020,best_direct_high_bp_sensitivity_under_accuracy_gate,4,104729,104733,4,ok,1219,305,0,True
3,0.6250565669923552,13.81619930267334,8.350724220275879,11.08346176147461,13.81619930267334,17.46543312072754,10.958691596984863,0.0236166436225175,-0.6047067642211914,0.3510934087910128,0.4474096557770117,0.7299242615699768,4707,14.535560607910156,8.612983703613281,785,29.55064392089844,16.897964477539062,5500,12.197279930114746,6.879482269287109,0.0165605095541401,0.999880239520958,0.2251778872468527,0.436343732895457,0.6199233716475095,0.3877394636015325,0.6864805692391899,0.8549534756431308,0.7376716732978821,I200C_C5_seed104729_fold4,INNOVATION200_CONFIRM,morphology_resnet,multiview_zscore,10.0,none,multitask,multitask,jitter_scale,none,104733,334433,334433,36554,9135,7.873936653137207,I200_ARCH_051_79a6655a84,morphology_w64_eca_attention,best_parameter_efficient_under_accuracy_gate,5,104729,104733,4,ok,1219,305,0,True
5,0.6065743116184055,12.43287754058838,8.062724113464355,10.247800827026367,12.43287754058838,15.769537925720217,10.603705406188965,0.4754829406738281,-0.3025737702846527,0.4528332540789887,0.4936550016735851,0.674866795539856,4461,12.95543384552002,7.9787516593933105,619,24.605976104736328,13.800067901611328,5466,11.81671905517578,6.775704860687256,0.0872374798061389,0.9945831370701838,0.2532104050049391,0.4877620458786083,0.6745692020634398,0.4138952914059927,0.6902645154209198,0.8625836900450006,0.6776638031005859,I200C_C1_seed104729_fold5,INNOVATION200_CONFIRM,resnet,multiview,10.0,none,multitask,multitask,jitter_scale,none,104734,1146884,1146884,36578,9111,10.8834228515625,PRIOR_WINNER_FIXED,prior_resnet_multiview10_multitask,fixed_prior_winner,1,104729,104734,5,ok,1220,304,0,True
3,0.6253113799694321,12.50634479522705,8.18651294708252,10.346428871154783,12.50634479522705,15.814661979675291,10.581554412841797,1.675015926361084,0.4191669225692749,0.4472654568711567,0.4819597755134081,0.6819478273391724,4461,13.74695873260498,8.966127395629883,619,25.577211380004883,14.150945663452148,5466,12.13553524017334,7.387899398803711,0.0,1.0,0.2539787070574031,0.4821644166392273,0.6728130830863791,0.3888705959828778,0.6787399846339589,0.8587421797826803,0.6985300779342651,I200C_C2_seed104729_fold5,INNOVATION200_CONFIRM,adaptive_resnet,multiview_zscore,10.0,none,multitask,multitask,amplitude_warp,none,104734,705721,705721,36578,9111,7.876701354980469,I200_TRAIN_003_7a8882a0ec,adamw_3e4_cos_amplitude_warp,best_normalized_accuracy,2,104729,104734,5,ok,1220,304,0,True
3,0.6367830843201483,12.61038589477539,8.236376762390137,10.423381805419922,12.61038589477539,15.99665641784668,10.59518051147461,3.064880609512329,0.5596352815628052,0.4558590862423305,0.4811250059346989,0.6868799924850464,4461,14.076422691345217,9.04658317565918,619,23.08934783935547,13.735595703125,5466,12.56056022644043,7.495510578155518,0.024232633279483,0.9997644842204428,0.2538689496213368,0.4837010207441554,0.6643617605092745,0.3872242344418834,0.6724838107781802,0.8554494567006915,0.7053473591804504,I200C_C3_seed104729_fold5,INNOVATION200_CONFIRM,conv_transformer_lite,multiview_zscore,10.0,none,multitask,multitask,jitter_scale,none,104734,148804,148804,36578,9111,5.582748174667358,I200_ARCH_073_f3d457acb9,convtransformer_w64_p15_d1,best_tail_aware_accuracy,3,104729,104734,5,ok,1220,304,0,True
4,0.5595259621193271,12.80356502532959,8.23842716217041,10.52099609375,12.80356502532959,16.258825302124023,10.821236610412598,0.7483124136924744,0.0439559631049633,0.4265352948648188,0.4687235795532263,0.6923602819442749,4461,13.341390609741213,8.474942207336426,619,24.529211044311523,14.049775123596191,5466,12.131721496582031,7.089773178100586,0.1098546042003231,0.9879886952425811,0.2488201075622873,0.4785424212490396,0.6578860717813632,0.4014927011305016,0.6837888266930084,0.8558884864449566,0.6985185742378235,I200C_C4_seed104729_fold5,INNOVATION200_CONFIRM,adaptive_resnet,multiview_zscore,10.0,none,direct,huber_ccc,jitter_scale,none,104734,926775,926775,36578,9111,10.276305198669434,I200_OBJECTIVE_029_26d6c1ef0d,multiview10_ccc020,best_direct_high_bp_sensitivity_under_accuracy_gate,4,104729,104734,5,ok,1220,304,0,True
3,0.6299399983196359,12.989706993103027,8.531120300292969,10.760414123535156,12.989706993103027,16.491365432739258,10.885841369628906,4.7406005859375,2.004601240158081,0.4486738752918551,0.4795020168104922,0.7094503045082092,4461,14.831629753112791,9.719230651855469,619,21.36923599243164,12.25899600982666,5466,13.283332824707031,8.404711723327637,0.048465266558966,0.9975270843146492,0.2466249588409614,0.4718472176489957,0.6508615958731204,0.3657117769728899,0.660081220502689,0.8387663264186148,0.734380841255188,I200C_C5_seed104729_fold5,INNOVATION200_CONFIRM,morphology_resnet,multiview_zscore,10.0,none,multitask,multitask,jitter_scale,none,104734,334433,334433,36578,9111,7.82229471206665,I200_ARCH_051_79a6655a84,morphology_w64_eca_attention,best_parameter_efficient_under_accuracy_gate,5,104729,104734,5,ok,1220,304,0,True
