caseid,tname,tid
7,SNUADC/PLETH,9f042039ebdd72b489b1bdcc03b3affe29bc3eb6
7,Solar8000/ART_DBP,581fd89a8213a7ce24c7c0a4bf22d8d7a5bf41a2
7,Solar8000/ART_SBP,247d1ab066bf1aabed1532847a3da349c08f201a
28,SNUADC/PLETH,2c0b41ff781b245daeba7de81b80f2b43047310a
28,Solar8000/ART_DBP,778cee9eff7d133f044ba0f51f5ca9b1d8fe30ad
28,Solar8000/ART_SBP,3eb33337347f579bfeab99bd750f31deafe07bc6
237,SNUADC/PLETH,c7604f8c272fbd37ca1f97062c6d3c6ec251fea8
237,Solar8000/ART_DBP,176b888be4f88ec214b4df9fc0cecd25eac768ed
237,Solar8000/ART_SBP,5faf1d4f2b09c54de94cb6c1f19fa89daf7373b0
284,SNUADC/PLETH,fb0a668e8f2c57a44168ed5b3fe471ccaa1b30ce
284,Solar8000/ART_DBP,a504e9827d23e472571328f45575870e6391b917
284,Solar8000/ART_SBP,5cadb966a24b08bf2b29d4c6077db5b8c284f55d
338,SNUADC/PLETH,bf135b0d8e4fac1170d1fd551d4ab02aeeea299c
338,Solar8000/ART_DBP,b7343d374df1735d59a2da476c3b9128f6939377
338,Solar8000/ART_SBP,5c79a4fd9532386819323dc95bb0bebaac81a936
366,SNUADC/PLETH,5a31c512238f3f8a60958662763c1f5c40673cb7
366,Solar8000/ART_DBP,357aec72ad377ded4232ef7c15ff40f3dd414829
366,Solar8000/ART_SBP,4fbabc97cac58d2f5cbeefeccd3e005c397f1678
388,SNUADC/PLETH,6cc1c25fa6186d01f7f1a78ef2db9ff8fd6b85e0
388,Solar8000/ART_DBP,e4e96992750fb1c8ae6f1b6a3dcb90ae5fd8842b
388,Solar8000/ART_SBP,4215542f4cf22cf8149ce7bc6993d2de686ed8e9
445,SNUADC/PLETH,e1361cdfd4d448d2149ecd175e7fbb09f7c6d585
445,Solar8000/ART_DBP,df99797673487c9b5af8a72214766d4c925d1c37
445,Solar8000/ART_SBP,1aabb585e1fcac3d8af1923630bab61f9cb8becb
527,SNUADC/PLETH,29b35a2fbf4a26068d5a075c593be515bd03b52c
527,Solar8000/ART_DBP,1c9842d917f868eb6f4979d76887cba0ffa3ec05
527,Solar8000/ART_SBP,7fc3e08666d1e9342dce2c79b349415e7bbea371
576,SNUADC/PLETH,df1d1d98d0ee6510ce946072003fb77c5e3136e4
576,Solar8000/ART_DBP,77017857f56a0d49bf32ed1193a57d21ef9f91d3
576,Solar8000/ART_SBP,ab5c71cab4b738a262683a6bf5056d4279c770ae
599,SNUADC/PLETH,20669f7bbccecfb0ae0306105dc3cae1049d2d65
599,Solar8000/ART_DBP,6b66982df704ba5e6aec97791e60668706a631f8
599,Solar8000/ART_SBP,957ff7451658720afca97bd914466d7b9bef33f7
611,SNUADC/PLETH,cf74a2367a13ad980e2c3042aebdfbe9c5121687
611,Solar8000/ART_DBP,5230b9446d463caad07651531a11ab9d728fbb04
611,Solar8000/ART_SBP,89e777f8be5836d6a45c0d156185a6ab9411e7e6
620,SNUADC/PLETH,8842c19d6658f2cfaa7ec19d545fd0aafa49bd46
620,Solar8000/ART_DBP,a8ec76e57885d0cae1b6e8bfd4d1d9fc7d3bb43c
620,Solar8000/ART_SBP,e71068ac2e6d3d39ee62b6f0f42bb5dad86fecf6
627,SNUADC/PLETH,8ddab4bc40cd6ac7413bca21443a279b9b32663a
627,Solar8000/ART_DBP,0b54a421362c3325eca37ae9a4eb3b4bf573f835
627,Solar8000/ART_SBP,5c8209607c563292567ecd99dab1a240a42a64df
631,SNUADC/PLETH,78649f4013dc1e428ce1e455f56e72b443760687
631,Solar8000/ART_DBP,6a7d8aa1dc35db99af419ff77955d7b8b67dbab9
631,Solar8000/ART_SBP,4b922fa6dcd0e5610c4adeaa1389298ed9d1ba57
636,SNUADC/PLETH,e4a8e764c67e2dc88e82938b0a365e0bcaef394a
636,Solar8000/ART_DBP,5ba9feaa514106652d18773381dac4c445c846e0
636,Solar8000/ART_SBP,6a9810cf17fbced2a45bdc8d1cd1b6a0b4f8dd2f
658,SNUADC/PLETH,7eae01c65be55b43fc9bd9d0946fbe2d14670524
658,Solar8000/ART_DBP,0a86c8d455123353b9c643ce390240546a622d5e
658,Solar8000/ART_SBP,d43b6d5c2b55077d1f81e5601534594b64208836
740,SNUADC/PLETH,61558ca9b46d52db04ea6f39d9bf2a7a6a0fcee1
740,Solar8000/ART_DBP,19e257fd1c2111a6d09e8e2271f91a126e88bd5e
740,Solar8000/ART_SBP,fda4f44d8aa577e623725f4b2e7063eb8732ee9d
742,SNUADC/PLETH,a612a4e9ccc5c784353e387882351bb40d7571a2
742,Solar8000/ART_DBP,67065971ab1284ff5a5dbfae9e7b18d9509dbe47
742,Solar8000/ART_SBP,1cd52d6e08fcee6f306673cad3db3f0d269e4f68
777,SNUADC/PLETH,3d2a27b7e435047d9c87ab5179cd62cd5f378a19
777,Solar8000/ART_DBP,cac2c4898dbcb9ae62f211f698ea881efff61da2
777,Solar8000/ART_SBP,35d4b21338929284a9fa7237e94aba9f5b06eab8
879,SNUADC/PLETH,77d27709375a014d300d14e101547743c37f7d4a
879,Solar8000/ART_DBP,31c54caaedadf7b187b3bcc294644b4516ca078e
879,Solar8000/ART_SBP,3ff3e636aad9040a01fb7b2fe9e4b9f49da0cc30
933,SNUADC/PLETH,290ca4d13ff21a2d09d6e193bf0499fdd7674e72
933,Solar8000/ART_DBP,3f28b649a949c57dcb94709c148c6def4aa4afa4
933,Solar8000/ART_SBP,6fec77fc7aae331eaac40307cd15dbdaa1743eeb
936,SNUADC/PLETH,c5facb6f6580c5e5d9d61389876fd1df786e8350
936,Solar8000/ART_DBP,c6ac8fb63ee19a18ea148864c69fd1c644108487
936,Solar8000/ART_SBP,b29c614b3f98ef77e585edf0651765770a4b205a
1016,SNUADC/PLETH,46b90f454c05fe281cec51db78686710b581f621
1016,Solar8000/ART_DBP,27ebcfcb3a3a32201188ab8d4f797516e319fbb0
1016,Solar8000/ART_SBP,102beb86039ccc892849caeba93b2ea7e818b2da
1207,SNUADC/PLETH,015c32fd220f0a005d754ed732b266ebdf1cae63
1207,Solar8000/ART_DBP,007862c580e43e8fb5c1cb0bd8b3f8d2d2bcd736
1207,Solar8000/ART_SBP,e2f964804c4865720085666c16c1d54721cb0473
1473,SNUADC/PLETH,15e64d0104d4125aaac6809274703feee773d408
1473,Solar8000/ART_DBP,5f56a5b9f0d38c0e8f7ac1d2ebc69377de11f3c3
1473,Solar8000/ART_SBP,5d9d8462e31dc5e2e7daa91f75322e0dc8b0cf0f
1522,SNUADC/PLETH,6eb4a05fe2a81ac25021f74eb039ba089b00dc72
1522,Solar8000/ART_DBP,34bea9ec81071a52ce8868e177b69d07a80c70b7
1522,Solar8000/ART_SBP,663dce7a49695e58cf581cea3c07fcf2eebca07c
1555,SNUADC/PLETH,b6427aead5d8bf4ad3ffc41922cfb45c4cb09e28
1555,Solar8000/ART_DBP,c45482003aefae82d909fbea150158c0cdbd18f7
1555,Solar8000/ART_SBP,2c5107be9bd9a39a7649ebe44b6d6327be3c9611
1559,SNUADC/PLETH,dbf7146de2b4e025c1e2e0bae648a26abea55298
1559,Solar8000/ART_DBP,357e1827eb3e457d56d76cbb91c280a2a8902cfa
1559,Solar8000/ART_SBP,9fc1177202b18ae9013b400bed24c152ac213be2
1563,SNUADC/PLETH,ed18953660c27ce90283f9f2c7c82be185ac84cd
1563,Solar8000/ART_DBP,cea836f58cf4e8049a2de93c520abcf812e942aa
1563,Solar8000/ART_SBP,9436319165686edb740f60d4216631058a9c5ffd
1601,SNUADC/PLETH,bc8cd4b31a8c0b1797c01518c647f65c6e3065cc
1601,Solar8000/ART_DBP,05d7a5f916156c7c9114cc971ec530ebd18e0e96
1601,Solar8000/ART_SBP,e2e20c6ae6d888272f42eed8733ed87220e8271e
1644,SNUADC/PLETH,1ee0c984618588e277240aa09a78490ecd30982b
1644,Solar8000/ART_DBP,b3181d13355b89ab17a3db706b2bb7441f776423
1644,Solar8000/ART_SBP,a8d4b39d91eb15d674e7ae7c538fdb1d7f08f84c
1697,SNUADC/PLETH,ead03901b4ac7a5cd9ae1f3c1bf8e2b04af79c7c
1697,Solar8000/ART_DBP,664d5ed6556485302c44f26896b9a9a34eb0d686
1697,Solar8000/ART_SBP,48c256187ed798520a0a7883029d8e7b321c5ffe
1719,SNUADC/PLETH,9a11215e4855dfecd98fdc60fd58b0c0dcc58207
1719,Solar8000/ART_DBP,001be3afe9b460d8ee610e7c64f0d790913e700b
1719,Solar8000/ART_SBP,c8c4e0e8532e93754de47672ad37c97bfb1af8ef
1747,SNUADC/PLETH,74d239dd36ef10ac9b9e365d3173555cb9b544a0
1747,Solar8000/ART_DBP,daf501a3d7625f431147400e1c8e3a3a00d1ec4d
1747,Solar8000/ART_SBP,8b83b7a23b383f1c53fa63cb414a4be2db921c7d
1796,SNUADC/PLETH,8bfbbcf0e639c8c31bba50671f685de72ecb5fff
1796,Solar8000/ART_DBP,a4e047b5bc7b209621af76aa6ca6808bcca777a2
1796,Solar8000/ART_SBP,b24670ac3d8e951cda3a699ddff84b0376ec6488
1831,SNUADC/PLETH,adc8c9cccf7e1388d5883e35c65dc2634222fa8c
1831,Solar8000/ART_DBP,03adfb9a291d7defb2e9c039ecf04dabe910e431
1831,Solar8000/ART_SBP,b9b02334ba36c63850acf7e79eb3ffd36cb69647
2062,SNUADC/PLETH,e4ad966dce27e8e450ec2e92ee745eab7108221b
2062,Solar8000/ART_DBP,ea27b3b49b4eb8b073f1d7088dd7d4e2ce4b1c0b
2062,Solar8000/ART_SBP,c14956fefb5f13ce9dcb50e378d71f848ec4b770
2130,SNUADC/PLETH,e68a509041568bfc4b990aa61ef595d300ef90ac
2130,Solar8000/ART_DBP,54323f2161bc1aa8da47452c6654ad53a5e98b7a
2130,Solar8000/ART_SBP,53682973ae4cf9913db9b22d5ceced820d5853c9
2165,SNUADC/PLETH,93765ff4114b23583576f3f12434add2eaf602e6
2165,Solar8000/ART_DBP,d2b9daedd4148ff41b94910e7498916b50341d97
2165,Solar8000/ART_SBP,4561acab6fe30d4fefa566d53c7132e30492fdec
2287,SNUADC/PLETH,a12b599834bcbfbe594a585e20b114560bcc358f
2287,Solar8000/ART_DBP,f0a3d61b8ae70ecf4b589b6864a34182b7afec10
2287,Solar8000/ART_SBP,d244dd7d49e52fd76f49cca1a0b0d4ed61303a7e
2375,SNUADC/PLETH,bdde18dbf00671b8c0cd9bafd47f31adc00fe752
2375,Solar8000/ART_DBP,67b7a02e8b2cb25d908fc17df0cb58426b846cc1
2375,Solar8000/ART_SBP,abe592d609ffcb94623b09d547a6cfa6f2a6e040
2605,SNUADC/PLETH,23fc2b6885d2951d92d7fbce8196fe653ff4fb32
2605,Solar8000/ART_DBP,0ed25f62263224b17660452d41648f855c896608
2605,Solar8000/ART_SBP,751b9196bb24172c718a14f1110730c7500f0c96
2716,SNUADC/PLETH,8cf53636af51fe389cf19017ea1e5d1394e95cc4
2716,Solar8000/ART_DBP,731cd87f38a3be792d05456763d6b1811f105b43
2716,Solar8000/ART_SBP,8a3299dea7cb8bdcbda3d3fc3a866f615dece661
2809,SNUADC/PLETH,087ea1571a280c6f39e1fea8729771d358a59e26
2809,Solar8000/ART_DBP,78d07150d974a9b055ddf1b808019bf647fd8c1c
2809,Solar8000/ART_SBP,222131e04a9fa799a09ba74808a495c26190c8be
3085,SNUADC/PLETH,61aa7741a66a11d87ab361c02cef30d4d7995baf
3085,Solar8000/ART_DBP,e56c3745d5d9f068e8156c21544ca5b7e4a00717
3085,Solar8000/ART_SBP,bffbdee5905397f8936b87185abd58e9bc95f666
3102,SNUADC/PLETH,0e7bf550dc7003ad00ca8d9cfd9503d0502f188b
3102,Solar8000/ART_DBP,5d977e80d1f125f1c77e95b35f74dce6c0ae3251
3102,Solar8000/ART_SBP,5ba3c2d901cf2285d3a108b1d3db295724ba8af4
3154,SNUADC/PLETH,0c4570072831b4bf28a3c3b7a464ce744865345e
3154,Solar8000/ART_DBP,ffca8067e610106137cf016ee0ec667bc9f97101
3154,Solar8000/ART_SBP,2335d579e60f5dab4c5762d62bc0f92624a8a221
3217,SNUADC/PLETH,fd22433043f186211375dc60d4652504aae52f34
3217,Solar8000/ART_DBP,b7d70be330e9273d69f9d06fcf25ac1951404647
3217,Solar8000/ART_SBP,bc893266e498e9d913d262bec8894bde1ef885f3
3249,SNUADC/PLETH,d56bdc5542f4bcc5bd08bf0447a4f133f167b3d0
3249,Solar8000/ART_DBP,a52bcd05149770a5eaee33f0ed31d4c5dc9086df
3249,Solar8000/ART_SBP,84158f9a471505eafcf9f04598bd032a0022ee76
3277,SNUADC/PLETH,a00f7d7aa0fa66d6ac2628384343528c6c71f500
3277,Solar8000/ART_DBP,d8c93114ecdef7ec527565e9ed6d3b368a3ce247
3277,Solar8000/ART_SBP,4c304d97ac9c7308536d7436f35784e7c9c39ebd
3344,SNUADC/PLETH,e54b665b0c7343c0c3c69b05a5615e47fe479ce5
3344,Solar8000/ART_DBP,152d15abdc7bfb91b8ccbf368f941694918d67d8
3344,Solar8000/ART_SBP,b7d58570e4420335b46f21c2e9b5cfec3abc5e50
3460,SNUADC/PLETH,1b939fb8d0509dd3c986c599a7583724c9ee8360
3460,Solar8000/ART_DBP,39249fe6c95234bdf6048f9bd0c42d1f63ae5239
3460,Solar8000/ART_SBP,b45dd2b1024c6ee35e500b7f7dcc7677b5b8b485
3484,SNUADC/PLETH,8020a0c4e818b9e8ad9ee7d2478e2819c3e23e06
3484,Solar8000/ART_DBP,391c026182edd4be7b694be577f30190e544257b
3484,Solar8000/ART_SBP,b455c42db2c3971acd7faf428a3ed5fc27d33dc1
3500,SNUADC/PLETH,81fc4645647842ff26908a21e5cc82de30208d3e
3500,Solar8000/ART_DBP,dd6857f5847add62662dc713e0800ca92cf16c97
3500,Solar8000/ART_SBP,fe2c675c3da4f89e0168642b08228d8a63b897ef
3519,SNUADC/PLETH,89512d2353fabd8c24acc109bc7e566e205753b3
3519,Solar8000/ART_DBP,2ad49112d572022cd91058ad91bdc1d6ed5ffdd1
3519,Solar8000/ART_SBP,4b91868de317a41a3ee1b4c043987f50a62d58b6
3567,SNUADC/PLETH,ea84b2e6c874f249969b458ceb8a0130392900fe
3567,Solar8000/ART_DBP,f647f6b2371aea9875277b0228bf9366bebde8ad
3567,Solar8000/ART_SBP,a5e578a97dec0c46bc49e8883c7ec670f5cce0fd
3785,SNUADC/PLETH,765fb5e2b8325233744bd7d84e16220f9cb4eae9
3785,Solar8000/ART_DBP,7f4fcd801ba013ef7b66d7130e95ad0068452149
3785,Solar8000/ART_SBP,609140eb04cf4bc81937e01166833e98aa286bdc
3800,SNUADC/PLETH,bbe7f86c2861aa2422153ad614c06d62c4f5b112
3800,Solar8000/ART_DBP,6835cb4d9c21ea5954e8dfc4e710d514007fd4bc
3800,Solar8000/ART_SBP,972fb8f4e388a1e82de2df60feaac823e3ce9ec7
3978,SNUADC/PLETH,72b0b9e09bc7e276c1b4dbba551326eb99c10b60
3978,Solar8000/ART_DBP,2f26710c29949d5e7286460a756b2fc57059a9fa
3978,Solar8000/ART_SBP,a6202a5fcc961706163ca122eb5c64ff6826d734
4010,SNUADC/PLETH,17eaab7ca80871f2236ae9d7661a2ad00f462187
4010,Solar8000/ART_DBP,e72377e2eb7142349c69d671550b8a27b8e4ee7d
4010,Solar8000/ART_SBP,234a01b0d9aba43c41a6b23a3d7580fa1d4b9e9f
4101,SNUADC/PLETH,0a402a88391e021a847046222115c9025dc5cd73
4101,Solar8000/ART_DBP,f4842f2d2dc1b7b94a2753983ce8cf211bd16203
4101,Solar8000/ART_SBP,e19506b9c6afa7913bfbff9f3e08710471c9f880
4135,SNUADC/PLETH,cc13305e682923c44a15ce37c6547c5db371167f
4135,Solar8000/ART_DBP,d80039c6c08e42e7add6bd8de793c4b14feb9dca
4135,Solar8000/ART_SBP,18f71480a157a66e6637fcf6f71d4186a4ca4ee5
4163,SNUADC/PLETH,3c7f3646313a81a51b759ad210f70b2eb4eac35c
4163,Solar8000/ART_DBP,0a2a68073a6f0563e8fa5df2e2c5f4b4c0121732
4163,Solar8000/ART_SBP,3b18ec35a73aa5c57c95b6e817833eb63466c12e
4202,SNUADC/PLETH,9955e3c4678934dc31ccae9036dc7d20e514226b
4202,Solar8000/ART_DBP,1d18e9703fed103f2c2b79aead80f30a9c0792c3
4202,Solar8000/ART_SBP,127a14b9ddadfcc8a07e473d7003057c669940ec
4207,SNUADC/PLETH,2a919dea990fcaeff74603bc0dbb96b6d4b50b19
4207,Solar8000/ART_DBP,9b9cb73288fb4bea05f802b26458496f2fb20b26
4207,Solar8000/ART_SBP,672893bee374c560031677a65338761d28e7474c
4241,SNUADC/PLETH,947ea057ca9c88eecb362bb52dbd56ba2769ea0e
4241,Solar8000/ART_DBP,6823c60840bad761efef1e3074a51e03d725a1de
4241,Solar8000/ART_SBP,b99b33425245618a20bf0fe4fce4ffbd36a3c771
4262,SNUADC/PLETH,2d85bb5f3f0509f973bf491ebdd5e58d3a366aab
4262,Solar8000/ART_DBP,cae644985e9d8d0e6e32f52cfd3a2396b4284d6f
4262,Solar8000/ART_SBP,b110ab217c65d91d91992d1ad5c6cdae8a364773
4309,SNUADC/PLETH,825b08caf4b958947e13f48fe46e00caa4367c0b
4309,Solar8000/ART_DBP,18b05975be549711c1b9182a7019c611f78bdeb6
4309,Solar8000/ART_SBP,06dc6b6e964a473f3df9eb195a6ab1df2aefd7dc
4322,SNUADC/PLETH,92c61cdc919a0353050d78224c6c209a3362abe7
4322,Solar8000/ART_DBP,4b8134b173d2f1f73a7cfda6b6408567111e1fa1
4322,Solar8000/ART_SBP,17bd399e8b80f53692cd8e4334c75c4071a933e3
4354,SNUADC/PLETH,59e05f51ec097c2b4ae0660f16c31e893cb12640
4354,Solar8000/ART_DBP,2c6a3a8d2d43db38585e46de48ea426c0d1099f3
4354,Solar8000/ART_SBP,abb5e17bb4fe303144eb9eadce41cf2ec43a1404
4456,SNUADC/PLETH,3b32603dafe8417360fa7b8b43d192aff37cb182
4456,Solar8000/ART_DBP,f35aee09d83ff38480ec00e6047240ab40df5b96
4456,Solar8000/ART_SBP,bec62681fdb240545a67d27ca98a849dcc9ba2ad
4558,SNUADC/PLETH,c766e054fb4c9457b9752f0053192a03f0de7405
4558,Solar8000/ART_DBP,9ed6a0ef7fe473c492155b436d0eb20e4059c7ce
4558,Solar8000/ART_SBP,e19f8431283e10741ca6d152d283df0c5d97db5f
4563,SNUADC/PLETH,78b9d67bec48809e157522568fb33696474e2c75
4563,Solar8000/ART_DBP,1b86a3d051e71effb16a540140c9f5002de4afdb
4563,Solar8000/ART_SBP,007d09bd2451dccc114145bbfb30a868e4afdb74
4584,SNUADC/PLETH,44237ad08fa78910f779a2351c1e6a96893cd38d
4584,Solar8000/ART_DBP,7fa54902d45ac76d854b31b0342f00dce5bcce89
4584,Solar8000/ART_SBP,f8c0f6b97a4065d544a4a08280edcb537b3f9e67
4658,SNUADC/PLETH,bca92e3915b1ba9c17f105468f7836a284d50a50
4658,Solar8000/ART_DBP,6108ec5b76c7521e0f36e840763fe23b3ef346f6
4658,Solar8000/ART_SBP,4c82e00ba0787c7c9fa286092e8c0f55a95c882f
4702,SNUADC/PLETH,a73fa307a76d3508ecb596e488572bae24b2e03c
4702,Solar8000/ART_DBP,bbd71ceeeb3f6d7bfe94b7c3acaa8ce3cdc9a2a1
4702,Solar8000/ART_SBP,ce7f988785c9a3cd48c97cbab49ccbf95d029af9
4703,SNUADC/PLETH,5d2eb945c55df149b004997e3796a0c4e3658d7f
4703,Solar8000/ART_DBP,53bf978075b26a590a1d919584da05c2df9a2d3e
4703,Solar8000/ART_SBP,fbab780a9e9441fb0c15b28cf27b198b076ba1d6
4713,SNUADC/PLETH,52abf716285f0f8af1b43093669347aff36323d6
4713,Solar8000/ART_DBP,0bb447b7217239751de6e34d644b97e0407f0126
4713,Solar8000/ART_SBP,4fe9522c3f226fadd35707bff914978194b1edf6
4724,SNUADC/PLETH,dd5ad6fbb26c7905fe5a954ae43aeadbc0fc20a6
4724,Solar8000/ART_DBP,d21b32b040284bc719c3d93c4b321484087e54ac
4724,Solar8000/ART_SBP,e03f11540c522219915c27d4d53bf5d4ed6058b4
4739,SNUADC/PLETH,9b9aad5f279d751ee19e5e5472693fab8caee0c2
4739,Solar8000/ART_DBP,d16fca3fc1bab59221177abc509a3f6280bcbfc4
4739,Solar8000/ART_SBP,f06dc636b8c776a5582ced721ef359074f26f9ba
4805,SNUADC/PLETH,502cab7ff3be28423463339d5743964dff1b3216
4805,Solar8000/ART_DBP,54fadb3815b644e87a3ddd96dfbc22692c953bbc
4805,Solar8000/ART_SBP,68570913fbd78c334036ec37151c8fa36be8e571
4841,SNUADC/PLETH,198a3078d04875ff4d048535adfd4ecc08b02fe6
4841,Solar8000/ART_DBP,32b13692e7cd66acc60b21b58518f37935a2fdad
4841,Solar8000/ART_SBP,08c270b4ce9810f2d9f3b286e37a8bb3a8ad6fa0
4847,SNUADC/PLETH,92a59c52b9f846f5c367b7d046c9ca3c1f31d3a2
4847,Solar8000/ART_DBP,eaf3e7554e578610304cc3754d4735188688c558
4847,Solar8000/ART_SBP,749c85509b5a52598e39695ea2703bdc7d164f80
4883,SNUADC/PLETH,746675c0a60dc67dd7b0f4de89bddec70ecdd0d6
4883,Solar8000/ART_DBP,2e4c7dc16cd6c5dc553beac5ec0f647e1fc02544
4883,Solar8000/ART_SBP,38fe0f6cb067016a68ea357d77b210cb29a1430c
4936,SNUADC/PLETH,108aeccbbd5b90c29dbd225cd1f00dbff6ce514d
4936,Solar8000/ART_DBP,a0a7dae8174c85a956aa9bce3df65be5d7e9bfb3
4936,Solar8000/ART_SBP,6c6e1cd90e54084a07aaea17721b97d1eec64f84
5024,SNUADC/PLETH,c766394d949fa81b82356033e5a5a79c6ac09552
5024,Solar8000/ART_DBP,862314711970006a03e8389e4eb30f90f424b0ab
5024,Solar8000/ART_SBP,fcc3a8d53c73a5722998ebc560331105e8e9a379
5075,SNUADC/PLETH,063992a2a0806b22a7c5a3be6ab216a360546d5d
5075,Solar8000/ART_DBP,2e8acfaa01c609b10a04f3c093f98e5d86e1d914
5075,Solar8000/ART_SBP,731599cc7a425a53bc4a5649f13757ced663d8ed
5107,SNUADC/PLETH,3e718ffbe02d713c934053643e32ef4e654c2da7
5107,Solar8000/ART_DBP,10ce43a67138e0b70fb2b123c14c9ac7241ccdd0
5107,Solar8000/ART_SBP,c95a5d03c46b92e3cd19e03318dff926418faf43
5267,SNUADC/PLETH,6bbc65048ff7a385c989ce4ca4ae669d5d428cd6
5267,Solar8000/ART_DBP,2559434edf55a95e58bb315b29e92fed2d707417
5267,Solar8000/ART_SBP,f0babdb007f3a0baec0cde7dd9ea816092c68014
5353,SNUADC/PLETH,9be948728b7b2fcf76efdcc759a77ca975173355
5353,Solar8000/ART_DBP,a682ab39a30036b475792f83a60818d02d37f355
5353,Solar8000/ART_SBP,a90169cf1b10d4437440de3fae6f7149ca1e40b8
5368,SNUADC/PLETH,ee97a5c86fac518e6276cb4d583b9aefa49bab37
5368,Solar8000/ART_DBP,7df448cbc5c3ec25d90592a3d7c8291c37c71b20
5368,Solar8000/ART_SBP,121d46139aed1fe65be0047fc508cbf986a7c1f6
5388,SNUADC/PLETH,3e8caa56dad7cc46011f453cee26fd90d492c330
5388,Solar8000/ART_DBP,c322f54827923bd02737f39721ff1b0d4fabab37
5388,Solar8000/ART_SBP,57c43fcc5445843670187acd5ef349326d667a94
5395,SNUADC/PLETH,7c78c6071d59a5359567444508a9ce5b4b72f59f
5395,Solar8000/ART_DBP,464c2cbd0d5348ec36d728e5ac34a04a153033d2
5395,Solar8000/ART_SBP,2dc9df136cc232bc0f314fc1050ec90aa280148f
5420,SNUADC/PLETH,5313acdfd322b79f03a851ea78b11d957432303f
5420,Solar8000/ART_DBP,8af43c85596fd973148a6e60219b23791a49687a
5420,Solar8000/ART_SBP,c1e340ba84f29977eb3550b67d03b0b27ba1a573
5459,SNUADC/PLETH,ea64130bd516301e59e0ab24564135e9f49180fe
5459,Solar8000/ART_DBP,95e083bece1a6f271a77aac50ff5d11ee0bcedc5
5459,Solar8000/ART_SBP,07c327e2dcd33ce3d7cb692d0ad7f034fcdec42d
5463,SNUADC/PLETH,4efa0cb6c1d574b153ac16f1e3555dcbe7e62a57
5463,Solar8000/ART_DBP,b4a03775dbe7e02d57a4e7c1424eb50a52a7b4da
5463,Solar8000/ART_SBP,77258c8a4212c4932cf52d46cd29de506fb096b3
5509,SNUADC/PLETH,7e05d258c9e86a1a74e9035958e556938a76a2bd
5509,Solar8000/ART_DBP,db3255c6c4f59ed637bdfb2275f5e1dcea71b4da
5509,Solar8000/ART_SBP,5955b5b27add80ca3e32ffea7d14ae30ee48e70f
5556,SNUADC/PLETH,3ccb7bd0fa9f676796c4883364854acaa4ea8e4a
5556,Solar8000/ART_DBP,942bb196a7a3920639e0ebc5290e730889cbd79b
5556,Solar8000/ART_SBP,34d230efaefef2f3548f1353a038d8a1adbba3ce
5561,SNUADC/PLETH,c8e6dce70b17ef791bbd005cb0e2efa1de679434
5561,Solar8000/ART_DBP,cbad20a1e4d36e2e98b76fd27ccdaae0a6a1e342
5561,Solar8000/ART_SBP,c3d54db356aeb7f1df79286abdbbddafad44f62c
5598,SNUADC/PLETH,10d56d234a4dd03920175cb5806286333e66ff18
5598,Solar8000/ART_DBP,17a997bfa87894432f8560f85350a54d98c43645
5598,Solar8000/ART_SBP,7520c17ffb9b9289481a4d22189fb140cb26d1e1
5628,SNUADC/PLETH,c9000abc4196a23bfdce66ad1cb3f45bc55c593f
5628,Solar8000/ART_DBP,08930343d69e158c76b8903ec9961a41f4486e09
5628,Solar8000/ART_SBP,fc50b5c2cfaa1e89c912fdbd2c593b00a1f8cecf
5717,SNUADC/PLETH,3c6bec2f53f01153c7e76ed666a884776152a7c0
5717,Solar8000/ART_DBP,fe380f0cb0a7bf3bacf50fe28e53148ce5f8f6ef
5717,Solar8000/ART_SBP,5524386408fb404d51438ebe393d185b46295f1d
5725,SNUADC/PLETH,6db59cc59a17eba2cd442806f646a7b40f5a6ad1
5725,Solar8000/ART_DBP,0d246583783621930e022a403274630aca46c5e0
5725,Solar8000/ART_SBP,78bceb96929664eed864d0537006ea9479864019
5734,SNUADC/PLETH,cf773acd1270dd3548ed9e854034d7a408885f4d
5734,Solar8000/ART_DBP,6b1d16a08fd80906ecbb99a4bfe27e26e0360b82
5734,Solar8000/ART_SBP,72e3aa94dc737451f773091616b65b3b5917cb56
5787,SNUADC/PLETH,34cf781bf6a5b2b0d477de1f43995b31ab6549ad
5787,Solar8000/ART_DBP,84599a27cfd0ce985bf32036bb442bb268a1b5e3
5787,Solar8000/ART_SBP,27d48c38216287a41f517bb6c09a5d3a7ec03fe6
5817,SNUADC/PLETH,a034f581b47720e6759a27b38c62f1e751f84860
5817,Solar8000/ART_DBP,1ff0b40d94f73bfa24ca9d860bd6dc3f8028d774
5817,Solar8000/ART_SBP,91b4d277c28c72f82fbd4ac03561a62efc7ef175
5822,SNUADC/PLETH,50f8f4406f68ce1c561a38b1bc24f763d7bf03c9
5822,Solar8000/ART_DBP,f43117739176425614faac1932c36c9c99fc5e4a
5822,Solar8000/ART_SBP,094bdac8dcbbcaa4363902665c933d40e28ce9c0
5839,SNUADC/PLETH,e79ec17235959b666453f5513f7a5b66d7c02f4a
5839,Solar8000/ART_DBP,b54be10b5fd18d3558b7938ed0685229be5ee007
5839,Solar8000/ART_SBP,e33adf6613e8ac16dd8beca6075911927eb223e7
5844,SNUADC/PLETH,7c93a2ec84fe319daf696cc943ab7641f543969b
5844,Solar8000/ART_DBP,25c6213f0b4b88a35200d7e0e5af1ba2debcba3e
5844,Solar8000/ART_SBP,d2c2c9d3e665a30f79aa6f00a0f352e1aa8cfe5d
5933,SNUADC/PLETH,2c1c18515dd28e4900f0ea199eac13667afc5475
5933,Solar8000/ART_DBP,f33ea603e4bc133123551d49e1e677d5991d2799
5933,Solar8000/ART_SBP,20d5d36a5e143ddebc74c6f1891cfc6e9f54b51e
5950,SNUADC/PLETH,dd85c88d3c38ed95ceec39393628ba8754ae7d02
5950,Solar8000/ART_DBP,e9f31333ed855c0c356479cecf57f2014c14400d
5950,Solar8000/ART_SBP,ae7329b86e695a99f99889e484b644c032607b6d
5956,SNUADC/PLETH,edc9a2784cd4fdd8fb9c8e7185396db71b7def5e
5956,Solar8000/ART_DBP,247f38b624d26df088abc6d98a8751e686f38237
5956,Solar8000/ART_SBP,abd20ead46ab907d78a0a07bf0441c3baa4783e2
5979,SNUADC/PLETH,3543a83350cc86443e38d3eb65db859aed63bffa
5979,Solar8000/ART_DBP,ae6c26c62f7de464ec1c3296a0aeb620805284ac
5979,Solar8000/ART_SBP,c79d6f0ca564130bca4d968d3755b93c5be1f0db
5997,SNUADC/PLETH,a11136009c971703f12c682b7e7ecdfeff3a7697
5997,Solar8000/ART_DBP,a3cb811ff7b12bf3b3b213699fe154ea8d6301ab
5997,Solar8000/ART_SBP,7a77c7c234cfa9e716edb5574d4d885db24f3237
6020,SNUADC/PLETH,7ce2138c454dba472a26943975820879aba5c0ce
6020,Solar8000/ART_DBP,0b6f122dcb5cae49abfd2b2fd8646e8675e00809
6020,Solar8000/ART_SBP,63d603c3f72c4404ee79a971e84904fb37dbf64e
6047,SNUADC/PLETH,7dd9da00e369ba425bf22fe96293b72a2d558adc
6047,Solar8000/ART_DBP,7b7d032deb01c4a9596be3541a1e9a022275d9a5
6047,Solar8000/ART_SBP,e2e2ab83114ee572d9314b8c541ea88f705569a6
6079,SNUADC/PLETH,766bdecc922bf79f676447f34849927cf4fd105f
6079,Solar8000/ART_DBP,34986e5a024741ecc81fc7c277a989907e0b7106
6079,Solar8000/ART_SBP,c018291f2e1b818a496c0caa6401980c64d5ed39
6080,SNUADC/PLETH,9ddef245cbc642357d95d46a75f8882e4e7dd419
6080,Solar8000/ART_DBP,466ecafb1d953f929af12ae610e02313f783b164
6080,Solar8000/ART_SBP,ad2981ee4d8e8540f34f19b663a8f2a15d2c1be0
6097,SNUADC/PLETH,0e35e9a2c56ae23472fc19784c2c1c5051ccbbc7
6097,Solar8000/ART_DBP,572de48300bc6627cea5ee47c66def7c17ea0caa
6097,Solar8000/ART_SBP,cba752c62aba676a59534596a6259b4282b4eca5
6128,SNUADC/PLETH,0911b7d7c6dc9313660418b256eed78c48b21fa9
6128,Solar8000/ART_DBP,6862820ef8967fc6880568a84a4f7ef6839be4ec
6128,Solar8000/ART_SBP,14503216422a14ddb67f18b11e6c024389cbe7c3
6145,SNUADC/PLETH,0ffc875bda0c45cf3b14e0fa7c613852cb81639c
6145,Solar8000/ART_DBP,bc62c75048a365ef5cc43cddb642c08f4fa238b1
6145,Solar8000/ART_SBP,283c69f03e30abcef724693138a01486781e5020
6195,SNUADC/PLETH,67f211eb8a498bab26f73e206c3d0ea9f2b95eeb
6195,Solar8000/ART_DBP,6fa542d7fb0c222939e9344ecc03888beffdb4db
6195,Solar8000/ART_SBP,56430fa6c5f301df30f5656a5c5a0548bcb23139
6251,SNUADC/PLETH,feb9ec2acee67c51a27149330caa0ebee9c25a5d
6251,Solar8000/ART_DBP,a1424b4ace1f55da8314cbfc4dda48dc52455dc2
6251,Solar8000/ART_SBP,39e66666612fa31111873b6bfd0046d90887f952
6296,SNUADC/PLETH,fbd5cb75ffa1f621ceab8ad2faa72fbaab0cdb2c
6296,Solar8000/ART_DBP,46613f4b22e497bcc3d0444950a29a07a02d41eb
6296,Solar8000/ART_SBP,d92a299bb465fcd6775c6297bf25341bba4e2866
6316,SNUADC/PLETH,42f1012da1db090245d696107ab8c241f0ace932
6316,Solar8000/ART_DBP,89b278c7ce6ee050874e703259074f367c06aff4
6316,Solar8000/ART_SBP,d7f632f76119d3f2e68f233392148d4ac781d2bb
6381,SNUADC/PLETH,ea4a5083a765564df157d8eb3560e69a6c7cfded
6381,Solar8000/ART_DBP,73d3d284451179be7367cbfaf921a476a969dd1f
6381,Solar8000/ART_SBP,d730f96f5e5324a1eaeff5f8d00fb873ed30a92e
6385,SNUADC/PLETH,6f38e9113ad0110807fccb48bee6e061fcbf6871
6385,Solar8000/ART_DBP,db7ae248e893d77e8e46a2a645cb5cc2046d9bb6
6385,Solar8000/ART_SBP,bddfc84b15cd300eebec0bea16ae600eaa99b751
